timestamp,equity,cash,buying_power,daily_pnl
2026-05-17 17:18:55,2055.7,2055.7,4111.4,0.0
2026-05-17 17:24:42,2055.7,2055.7,4111.4,0.0
2026-05-17 17:29:03,2055.7,2055.7,4111.4,0.0
2026-05-17 17:38:42,2055.7,2055.7,4111.4,0.0
2026-05-17 17:43:40,2055.7,2055.7,4111.4,0.0
2026-05-17 18:37:04,2055.7,2055.7,4111.4,0.0
2026-05-17 19:53:38,2055.7,2055.7,4111.4,0.0
2026-05-17 21:02:12,2055.7,2055.7,4111.4,0.0
2026-05-17 22:09:43,2055.7,2055.7,4111.4,0.0
2026-05-17 23:13:35,2055.7,2055.7,4111.4,0.0
2026-05-18 00:14:00,2055.7,2055.7,4111.4,0.0
2026-05-18 04:46:59,2055.7,2055.7,4111.4,0.0
2026-05-18 08:49:43,2055.7,2055.7,4111.4,0.0
2026-05-18 12:40:21,2055.7,2055.7,4111.4,0.0
2026-05-18 16:14:34,2055.7,2055.7,4111.4,0.0
2026-05-18 18:14:46,2055.7,2055.7,4111.4,0.0
2026-05-18 20:06:47,2055.7,2055.7,4111.4,0.0
2026-05-18 21:39:54,2055.7,2055.7,4111.4,0.0
2026-05-18 22:41:38,2055.7,2055.7,4111.4,0.0
2026-05-18 23:49:09,2055.7,2055.7,4111.4,0.0
2026-05-19 04:10:59,2055.7,2055.7,4111.4,0.0
2026-05-19 07:58:28,2055.7,2055.7,4111.4,0.0
2026-05-19 11:29:59,2055.7,2055.7,4111.4,0.0
2026-05-19 14:14:10,2055.7,2055.7,4111.4,0.0
2026-05-19 17:21:14,2055.7,2055.7,4111.4,0.0
2026-05-19 19:27:35,2055.7,2055.7,4111.4,0.0
2026-05-19 21:06:03,2055.7,2055.7,4111.4,0.0
2026-05-19 22:40:04,7055.7,7055.7,14111.4,5000.0
2026-05-19 23:47:01,7055.7,7055.7,14111.4,5000.0
2026-05-20 04:11:54,7055.7,7055.7,14111.4,5000.0
2026-05-20 07:57:51,7055.7,7055.7,14111.4,0.0
2026-05-20 11:16:46,7055.7,7055.7,14111.4,0.0
2026-05-20 14:07:19,7055.7,7055.7,14111.4,0.0
2026-05-20 17:33:44,7055.7,7055.7,14111.4,0.0
2026-05-20 19:55:40,7055.7,7055.7,14111.4,0.0
2026-05-20 22:02:02,7055.7,7055.7,14111.4,0.0
2026-05-20 23:40:38,7055.7,7055.7,14111.4,0.0
2026-05-21 01:48:57,7055.7,7055.7,14111.4,0.0
2026-05-21 06:17:11,7055.7,7055.7,14111.4,0.0
2026-05-21 10:11:04,7055.7,7055.7,14111.4,0.0
2026-05-21 13:34:13,7055.7,7055.7,14111.4,0.0
2026-05-21 16:30:18,7055.7,7055.7,14111.4,0.0
2026-05-21 18:24:22,7055.7,7055.7,14111.4,0.0
2026-05-21 20:22:47,7055.7,7055.7,14111.4,0.0
2026-05-21 22:01:45,7055.7,7055.7,14111.4,0.0
2026-05-21 23:18:00,7055.7,7055.7,12306.42,0.0
2026-05-22 01:31:10,7055.7,7055.7,12301.08,0.0
2026-05-22 05:51:14,7055.7,7055.7,12301.08,0.0
2026-05-22 09:40:47,7055.7,7055.7,12268.98,0.0
2026-05-22 12:08:39,7055.7,7055.7,12276.8,0.0
2026-05-22 15:25:16,7064.87,7064.87,14129.74,9.170000000000073
2026-05-22 17:25:33,7064.87,7064.87,14129.74,9.170000000000073
2026-05-22 19:14:31,7064.87,7064.87,14129.74,9.170000000000073
2026-05-22 20:51:30,7064.87,7064.87,14129.74,9.170000000000073
2026-05-22 22:13:19,7064.87,7064.87,14129.74,9.170000000000073
2026-05-22 23:35:08,7064.87,7064.87,10287.04,9.170000000000073
2026-05-23 01:28:48,7064.87,7064.87,10293.13,9.170000000000073
2026-05-23 05:11:10,7064.87,7064.87,10293.13,9.170000000000073
2026-05-23 07:45:01,7064.87,7064.87,10293.13,0.0
2026-05-23 09:29:25,7064.87,7064.87,10293.13,0.0
2026-05-23 10:57:50,7064.87,7064.87,10293.13,0.0
2026-05-23 12:04:28,7064.87,7064.87,10293.13,0.0
2026-05-23 14:04:25,7064.87,7064.87,10293.13,0.0
2026-05-23 15:33:08,7064.87,7064.87,10293.13,0.0
2026-05-23 16:42:40,7064.87,7064.87,10293.13,0.0
2026-05-23 17:47:23,7064.87,7064.87,10293.13,0.0
2026-05-23 19:20:55,7064.87,7064.87,10293.13,0.0
2026-05-23 20:26:50,7064.87,7064.87,10293.13,0.0
2026-05-23 21:29:24,7064.87,7064.87,10293.13,0.0
2026-05-23 22:31:24,7064.87,7064.87,10293.13,0.0
2026-05-23 23:42:41,7064.87,7064.87,10293.13,0.0
2026-05-24 01:49:29,7064.87,7064.87,10293.13,0.0
2026-05-24 06:08:22,7064.87,7064.87,10293.13,0.0
2026-05-24 08:45:38,7064.87,7064.87,10293.13,0.0
2026-05-24 10:45:58,7064.87,7064.87,10293.13,0.0
2026-05-24 12:04:55,7064.87,7064.87,10293.13,0.0
2026-05-24 14:03:08,7064.87,7064.87,10293.13,0.0
2026-05-24 15:35:30,7064.87,7064.87,10293.13,0.0
2026-05-24 16:44:42,7064.87,7064.87,10293.13,0.0
2026-05-24 17:46:22,7064.87,7064.87,10293.13,0.0
2026-05-24 19:25:33,7064.87,7064.87,10293.13,0.0
2026-05-24 20:32:09,7064.87,7064.87,10293.13,0.0
2026-05-24 21:40:45,7064.87,7064.87,10293.13,0.0
2026-05-24 22:42:02,7064.87,7064.87,10293.13,0.0
2026-05-24 23:45:01,7064.87,7064.87,10293.13,0.0
2026-05-25 01:55:48,7064.87,7064.87,10293.13,0.0
2026-05-25 06:43:08,7064.87,7064.87,10293.13,0.0
2026-05-25 11:00:26,7064.87,7064.87,10293.13,0.0
2026-05-25 14:18:02,7064.87,7064.87,10293.13,0.0
2026-05-25 16:39:02,7064.87,7064.87,10293.13,0.0
2026-05-25 18:17:37,7064.87,7064.87,10293.13,0.0
2026-05-25 20:11:10,7064.87,7064.87,10293.13,0.0
2026-05-25 21:36:22,7064.87,7064.87,10293.13,0.0
2026-05-25 22:43:20,7064.87,7064.87,10293.13,0.0
2026-05-25 23:50:51,7064.87,7064.87,10293.13,0.0
2026-05-26 04:10:42,7064.87,7064.87,10293.13,0.0
2026-05-26 08:02:41,7064.87,7064.87,10206.09,0.0
2026-05-26 14:20:20,7081.76,5051.34,12133.1,16.890000000000327
2026-05-26 17:45:00,7077.77,5051.34,12129.11,12.900000000000546
2026-05-26 19:48:58,7084.14,5051.34,12135.48,19.27000000000044
2026-05-26 21:52:12,7084.91,5051.34,12136.25,20.039999999999964
2026-05-26 23:15:02,7085.05,5051.34,10114.31,20.18000000000029
2026-05-27 01:30:12,7089.46,5051.34,10108.2,24.590000000000146
2026-05-27 05:59:19,7092.19,5051.34,10110.93,27.31999999999971
2026-05-27 10:16:16,7099.33,5051.34,10102.27,14.420000000000073
2026-05-27 13:59:54,7027.83,4991.81,12019.64,-57.07999999999993
2026-05-27 17:29:53,7025.66,4991.81,12017.47,-59.25
2026-05-27 19:38:15,7024.12,4991.81,12015.93,-60.78999999999997
2026-05-27 21:29:32,7026.43,4991.81,12018.24,-58.47999999999956
2026-05-27 23:03:24,7026.36,4991.81,11380.37,-58.55000000000018
2026-05-28 00:16:28,7021.11,4991.81,11375.12,-63.80000000000018
2026-05-28 04:52:30,7008.51,4991.81,11362.52,-76.39999999999964
2026-05-28 08:49:24,7019.29,4991.81,11373.3,-5.109999999999673
2026-05-28 12:36:50,7022.86,4991.81,11376.87,-1.5399999999999636
2026-05-28 16:44:43,7031.3,4354.01,11385.31,6.900000000000546
2026-05-28 19:30:08,7035.62,4354.01,11389.63,11.220000000000256
2026-05-28 21:33:50,7031.41,4354.01,11385.42,7.010000000000218
2026-05-28 23:02:49,7029.41,4354.01,11383.42,5.010000000000218
2026-05-29 01:28:42,7025.64,4354.01,11379.65,1.2400000000006912
2026-05-29 05:55:07,7030.04,4354.01,11384.05,5.640000000000327
2026-05-29 10:06:34,7029.21,4354.01,11383.22,-4.300000000000182
2026-05-29 13:35:36,7018.83,4354.01,11372.84,-14.680000000000293
2026-05-29 17:03:48,7009.94,4978.54,11988.48,-23.57000000000062
2026-05-29 19:42:32,7011.2,4978.54,11989.74,-22.3100000000004
2026-05-29 21:29:15,7009.73,4978.54,11988.27,-23.78000000000065
2026-05-29 22:54:41,7009.1,4978.54,11352.6,-24.40999999999985
2026-05-30 00:14:23,7011.55,4978.54,11355.05,-21.96000000000004
2026-05-30 04:30:16,7011.55,4978.54,11355.05,-21.96000000000004
2026-05-30 07:30:24,7011.55,4978.54,11355.05,0.0
2026-05-30 09:33:18,7011.55,4978.54,11355.05,0.0
2026-05-30 11:07:13,7011.55,4978.54,11355.05,0.0
2026-05-30 12:17:26,7011.55,4978.54,11355.05,0.0
2026-05-30 14:16:01,7011.55,4978.54,11355.05,0.0
2026-05-30 15:48:53,7011.55,4978.54,11355.05,0.0
2026-05-30 17:17:01,7011.55,4978.54,11355.05,0.0
2026-05-30 18:41:47,7011.55,4978.54,11355.05,0.0
2026-05-30 19:57:56,7011.55,4978.54,11355.05,0.0
2026-05-30 21:11:19,7011.55,4978.54,11355.05,0.0
2026-05-30 22:15:27,7011.55,4978.54,11355.05,0.0
2026-05-30 23:31:03,7011.55,4978.54,11355.05,0.0
2026-05-31 01:53:38,7011.55,4978.54,11355.05,0.0
2026-05-31 06:26:05,7011.55,4978.54,11355.05,0.0
2026-05-31 09:34:40,7011.55,4978.54,11355.05,0.0
2026-05-31 11:21:39,7011.55,4978.54,11355.05,0.0
2026-05-31 12:59:56,7011.55,4978.54,11355.05,0.0
2026-05-31 14:53:27,7011.55,4978.54,11355.05,0.0
2026-05-31 16:17:12,7011.55,4978.54,11355.05,0.0
2026-05-31 17:39:42,7011.55,4978.54,11355.05,0.0
2026-05-31 18:53:45,7011.55,4978.54,11355.05,0.0
2026-05-31 20:16:30,7011.55,4978.54,11355.05,0.0
2026-05-31 21:34:06,7011.55,4978.54,11355.05,0.0
2026-05-31 22:42:28,7011.55,4978.54,11355.05,0.0
2026-05-31 23:48:34,7011.55,4978.54,11355.05,0.0
2026-06-01 04:58:13,7014.91,4978.54,11358.41,3.3599999999996726
2026-06-01 10:29:34,7012.46,4978.54,11355.96,0.9099999999998544
2026-06-01 16:24:50,6976.03,4349.25,11325.28,-35.52000000000044
2026-06-01 20:45:01,6969.54,4349.25,11318.79,-42.01000000000022
2026-06-01 22:53:44,6964.33,4349.25,11313.58,-47.220000000000255
2026-06-02 00:19:23,6960.91,4349.25,11310.16,-50.64000000000033
2026-06-02 05:12:59,6967.87,4349.25,11317.12,-43.68000000000029
2026-06-02 09:43:15,6977.99,4349.24,11327.23,5.420000000000073
2026-06-02 13:03:13,6974.86,4349.24,11324.1,2.289999999999964
2026-06-02 17:50:49,6991.38,4349.24,11340.62,18.8100000000004
2026-06-02 20:58:16,6992.01,4349.24,11341.25,19.44000000000051
2026-06-02 23:06:35,6985.7,4349.24,11334.94,13.13000000000011
2026-06-03 01:48:51,6986.33,4349.24,11335.57,13.760000000000218
2026-06-03 07:00:27,6985.05,4349.24,11334.29,12.480000000000471
2026-06-03 12:13:17,6986.07,4349.24,11335.31,13.5
2026-06-03 17:21:51,6977.36,4349.24,11326.6,4.789999999999964
2026-06-03 20:39:27,6983.49,4349.24,11332.73,10.920000000000073
2026-06-03 22:54:34,6977.48,4349.24,11326.72,4.909999999999855
2026-06-04 01:45:48,6986.04,4349.24,22670.56,13.470000000000256
2026-06-04 06:49:46,6985.17,4349.24,22668.82,-0.7399999999997817
2026-06-04 10:41:39,6978.26,4349.24,22655.0,-7.649999999999636
2026-06-04 13:50:31,6998.3,6366.06,26728.72,12.390000000000327
2026-06-04 16:57:17,6994.92,6366.06,26721.96,9.010000000000218
2026-06-04 19:28:57,6990.74,6366.06,26713.6,4.829999999999927
2026-06-04 21:16:04,6992.13,6366.06,26716.37,6.220000000000255
2026-06-04 22:54:05,6991.06,6366.06,22754.68,5.150000000000546
2026-06-05 00:15:50,6988.75,6366.06,22748.62,2.840000000000145
2026-06-05 04:58:47,6988.66,6366.06,22748.44,2.75
2026-06-05 08:50:44,6990.75,6366.06,22752.1,-2.880000000000109
2026-06-05 12:14:53,6989.56,6366.06,22734.38,-4.069999999999709
2026-06-05 15:31:38,6996.3,4373.28,22739.15,2.6700000000000728
2026-06-05 17:33:22,6984.2,4373.28,22714.95,-9.430000000000293
2026-06-05 19:24:35,6953.14,4373.28,22652.84,-40.48999999999978
2026-06-05 21:10:01,6945.06,4373.28,22636.68,-48.56999999999971
2026-06-05 22:36:40,6952.74,4373.28,22652.03,-40.89000000000033
2026-06-05 23:51:40,6952.48,4373.28,22651.52,-41.15000000000055
2026-06-06 04:05:36,6955.41,4373.28,22657.38,-38.220000000000255
2026-06-06 07:26:06,6955.41,4373.28,24723.08,0.0
2026-06-06 09:35:33,6955.41,4373.28,24723.08,0.0
2026-06-06 11:11:49,6955.41,4373.28,24723.08,0.0
2026-06-06 12:45:54,6955.41,4373.28,24723.08,0.0
2026-06-06 14:47:59,6955.41,4373.28,24723.08,0.0
2026-06-06 16:12:27,6955.41,4373.28,24723.08,0.0
2026-06-06 17:36:27,6955.41,4373.28,24723.08,0.0
2026-06-06 18:55:42,6955.41,4373.28,24723.08,0.0
2026-06-06 20:15:48,6955.41,4373.28,24723.08,0.0
2026-06-06 21:38:38,6955.41,4373.28,24723.08,0.0
2026-06-06 22:45:42,6955.41,4373.28,24723.08,0.0
2026-06-07 00:11:58,6955.41,4373.28,24723.08,0.0
2026-06-07 04:58:34,6955.41,4373.28,24723.08,0.0
2026-06-07 08:28:04,6955.41,4373.28,24723.08,0.0
2026-06-07 10:53:55,6955.41,4373.28,24723.08,0.0
2026-06-07 12:24:15,6955.41,4373.28,24723.08,0.0
2026-06-07 14:30:02,6955.41,4373.28,24723.08,0.0
2026-06-07 15:54:52,6955.41,4373.28,24723.08,0.0
2026-06-07 17:25:19,6955.41,4373.28,24723.08,0.0
2026-06-07 18:50:39,6955.41,4373.28,24723.08,0.0
2026-06-07 20:18:29,6955.41,4373.28,24723.08,0.0
2026-06-07 21:46:35,6955.41,4373.28,24723.08,0.0
2026-06-07 23:12:54,6955.41,4373.28,24723.08,0.0
2026-06-08 01:36:24,6960.53,4373.28,24737.42,5.119999999999891
2026-06-08 06:24:59,6968.41,4373.28,24759.48,13.0
2026-06-08 11:27:48,6963.45,4373.28,24745.59,8.039999999999964
2026-06-08 15:00:52,6976.07,6105.93,26678.17,20.65999999999985
2026-06-08 18:08:54,6965.77,5644.89,25729.1,10.360000000000582
2026-06-08 20:36:06,6953.28,5644.89,25713.07,-2.130000000000109
2026-06-08 22:16:44,6947.89,5644.89,25704.43,-7.519999999999527
2026-06-08 23:48:54,6949.76,5644.89,25708.24,-5.649999999999636
2026-06-09 04:08:37,6957.88,5644.89,25725.79,2.4700000000002547
2026-06-09 08:03:10,6960.41,5644.89,25734.42,7.699999999999818
2026-06-09 11:32:00,6974.77,5644.89,25757.32,22.0600000000004
2026-06-09 14:07:11,6924.21,4350.23,23659.26,-28.5
2026-06-09 16:50:02,6782.09,4886.98,24428.82,-170.6199999999999
2026-06-09 19:21:41,6819.46,4923.6,24660.78,-133.25
2026-06-09 21:20:28,6831.82,4923.6,24688.74,-120.89000000000031
2026-06-09 23:01:12,6820.44,4923.6,24663.92,-132.27000000000044
2026-06-10 01:32:46,6829.0,4923.6,24682.93,-123.71000000000004
2026-06-10 06:07:59,6823.02,4923.6,24669.58,-129.6899999999996
2026-06-10 10:35:04,6808.12,4923.6,24633.78,-22.5
2026-06-10 14:03:38,6837.24,4923.6,24701.25,6.619999999999891
2026-06-10 17:36:10,6816.41,4923.6,24645.54,-14.210000000000036
2026-06-10 20:00:25,6793.82,4923.6,24594.86,-36.80000000000018
2026-06-10 22:18:02,6784.62,4923.6,24573.74,-46.0
2026-06-10 23:57:35,6781.82,4923.6,24567.46,-48.80000000000018
2026-06-11 04:52:51,6815.02,4923.6,24644.74,-15.599999999999454
2026-06-11 09:16:31,6825.84,4923.6,24668.96,31.18000000000029
2026-06-11 13:02:54,6811.6,4923.6,24636.64,16.94000000000051
2026-06-11 17:02:25,6816.8,4923.6,24643.07,22.140000000000327
2026-06-11 19:46:58,6856.4,4923.6,24741.06,61.73999999999978
2026-06-11 22:06:23,6876.36,4923.6,24781.52,81.69999999999982
2026-06-11 23:55:07,6887.7,4923.6,24805.72,93.03999999999996
2026-06-12 04:45:03,6898.0,4923.6,24826.14,103.34000000000016
2026-06-12 08:50:06,6895.3,4923.6,24821.78,37.0600000000004
2026-06-12 12:24:52,6880.74,4923.6,24794.68,22.5
2026-06-12 15:48:27,6823.78,6409.38,26466.32,-34.46000000000004
2026-06-12 18:12:38,6832.94,6409.38,26484.64,-25.300000000000185
2026-06-12 20:29:01,6820.18,6409.38,26459.12,-38.05999999999949
2026-06-12 22:10:48,6824.78,6409.38,26468.32,-33.46000000000004
2026-06-12 23:54:09,6827.42,6409.38,26473.6,-30.81999999999971
2026-06-13 04:23:58,6818.94,6409.38,26456.64,-39.30000000000018
2026-06-13 08:02:52,6818.94,6409.38,26456.64,0.0
2026-06-13 10:40:01,6818.94,6409.38,26456.64,0.0
2026-06-13 12:17:03,6818.94,6409.38,26456.64,0.0
2026-06-13 14:39:34,6818.94,6409.38,26456.64,0.0
2026-06-13 16:06:30,6818.94,6409.38,26456.64,0.0
2026-06-13 17:47:10,6818.94,6409.38,26456.64,0.0
2026-06-13 19:45:35,6818.94,6409.38,26456.64,0.0
2026-06-13 21:21:56,6818.94,6409.38,26456.64,0.0
2026-06-13 22:38:53,6818.94,6409.38,26456.64,0.0
2026-06-13 23:49:10,6818.94,6409.38,26456.64,0.0
2026-06-14 04:50:51,6818.94,6409.38,26456.64,0.0
2026-06-14 08:43:34,6818.94,6409.38,26456.64,0.0
2026-06-14 11:18:07,6818.94,6409.38,26456.64,0.0
2026-06-14 13:15:13,6818.94,6409.38,26456.64,0.0
2026-06-14 15:21:53,6818.94,6409.38,26456.64,0.0
2026-06-14 16:57:12,6818.94,6409.38,26456.64,0.0
2026-06-14 18:19:35,6818.94,6409.38,26456.64,0.0
2026-06-14 20:07:31,6818.94,6409.38,26456.64,0.0
2026-06-14 21:42:10,6818.94,6409.38,26456.64,0.0
2026-06-14 22:54:07,6818.94,6409.38,26456.64,0.0
2026-06-15 00:18:56,7637.38,7209.38,29693.52,818.4400000000005
2026-06-15 05:40:25,7640.5,7209.38,29699.76,821.5600000000004
2026-06-15 11:35:58,7632.98,7209.38,29684.73,814.04
2026-06-15 16:33:12,7641.47,7641.47,30565.88,822.5300000000007
2026-06-15 20:16:53,7641.47,7641.47,30565.88,822.5300000000007
2026-06-15 22:34:59,7641.47,7641.47,30565.88,822.5300000000007
2026-06-16 00:18:04,7641.47,7641.47,30565.88,822.5300000000007
2026-06-16 06:09:45,7641.47,7641.47,30565.88,822.5300000000007
2026-06-16 11:36:18,7641.47,7641.47,30565.88,0.0
2026-06-16 16:13:54,7641.47,7641.47,30565.88,0.0
2026-06-16 19:52:38,7641.47,7641.47,30565.88,0.0
2026-06-16 22:19:39,7641.47,7641.47,30565.88,0.0
2026-06-16 23:57:52,7641.47,7641.47,30565.88,0.0
2026-06-17 05:04:59,7641.47,7641.47,30565.88,0.0
2026-06-17 10:06:14,7641.47,7641.47,30565.88,0.0
2026-06-17 14:02:49,7641.47,7641.47,30565.88,0.0
2026-06-17 17:25:59,7641.47,7641.47,30565.88,0.0
2026-06-17 19:38:10,7641.47,7641.47,30565.88,0.0
2026-06-17 21:46:31,7641.47,7641.47,30565.88,0.0
2026-06-17 23:43:59,7641.47,7641.47,30565.88,0.0
2026-06-18 02:05:19,7641.47,7641.47,30565.88,0.0
2026-06-18 07:11:55,7641.47,7641.47,30565.88,0.0
2026-06-18 11:18:56,7641.47,7641.47,30565.88,0.0
2026-06-18 14:30:09,7641.47,7641.47,30565.88,0.0
2026-06-18 17:45:49,7641.47,7641.47,30565.88,0.0
2026-06-18 20:34:05,7641.47,7641.47,30565.88,0.0
2026-06-18 22:34:28,7641.47,7641.47,30565.88,0.0
2026-06-19 00:15:36,7641.47,7641.47,30565.88,0.0
2026-06-19 05:35:24,7641.47,7641.47,30565.88,0.0
2026-06-19 10:05:30,7641.47,7641.47,30565.88,0.0
2026-06-19 13:51:02,7641.47,7641.47,30565.88,0.0
2026-06-19 16:34:59,7641.47,7641.47,30565.88,0.0
2026-06-19 18:24:25,7641.47,7641.47,30565.88,0.0
2026-06-19 20:17:21,7641.47,7641.47,30565.88,0.0
2026-06-19 21:46:45,7641.47,7641.47,30565.88,0.0
2026-06-19 23:05:08,7641.47,7641.47,30565.88,0.0
2026-06-20 01:30:33,7641.47,7641.47,30565.88,0.0
2026-06-20 06:04:12,7641.47,7641.47,30565.88,0.0
2026-06-20 09:44:00,7641.47,7641.47,30565.88,0.0
2026-06-20 11:46:03,7641.47,7641.47,30565.88,0.0
2026-06-20 14:19:17,7641.47,7641.47,30565.88,0.0
2026-06-20 16:00:21,7641.47,7641.47,30565.88,0.0
2026-06-20 17:43:05,7641.47,7641.47,30565.88,0.0
2026-06-20 19:01:53,7641.47,7641.47,30565.88,0.0
2026-06-20 20:42:11,7641.47,7641.47,30565.88,0.0
2026-06-20 21:56:06,7641.47,7641.47,30565.88,0.0
2026-06-20 23:18:32,7641.47,7641.47,30565.88,0.0
2026-06-21 02:00:22,7641.47,7641.47,30565.88,0.0
2026-06-21 07:02:42,7641.47,7641.47,30565.88,0.0
2026-06-21 10:48:33,7641.47,7641.47,30565.88,0.0
2026-06-21 13:11:59,7641.47,7641.47,30565.88,0.0
2026-06-21 15:18:29,7641.47,7641.47,30565.88,0.0
2026-06-21 17:07:04,7641.47,7641.47,30565.88,0.0
2026-06-21 18:53:34,7641.47,7641.47,30565.88,0.0
2026-06-21 20:42:37,7641.47,7641.47,30565.88,0.0
2026-06-21 22:04:07,7641.47,7641.47,30565.88,0.0
2026-06-21 23:46:08,7641.47,7641.47,30565.88,0.0
2026-06-22 05:08:15,7641.47,7641.47,30565.88,0.0
2026-06-22 10:48:25,7641.47,7641.47,30565.88,0.0
2026-06-22 15:58:10,7641.47,7641.47,30565.88,0.0
2026-06-22 19:38:29,7641.47,7641.47,30565.88,0.0
2026-06-22 21:50:24,7641.47,7641.47,30565.88,0.0
2026-06-22 23:25:43,7641.47,7641.47,30565.88,0.0
2026-06-23 01:33:03,7641.47,7641.47,30565.88,0.0
2026-06-23 05:52:54,7641.47,7641.47,30565.88,0.0
2026-06-23 09:56:03,7641.47,7641.47,30565.88,0.0
2026-06-23 12:40:52,7641.47,7641.47,30565.88,0.0
2026-06-23 15:40:20,7641.47,7641.47,30565.88,0.0
2026-06-23 17:30:53,7641.47,7641.47,30565.88,0.0
2026-06-23 19:32:13,7641.47,7641.47,30565.88,0.0
2026-06-23 21:20:05,7641.47,7641.47,30565.88,0.0
2026-06-23 22:48:41,7641.47,7641.47,30565.88,0.0
2026-06-24 00:04:06,7641.47,7641.47,30565.88,0.0
2026-06-24 04:38:36,7641.47,7641.47,30565.88,0.0
2026-06-24 08:15:37,7641.47,7641.47,30565.88,0.0
2026-06-24 11:23:28,7641.47,7641.47,30565.88,0.0
2026-06-24 13:38:09,7641.47,7641.47,30565.88,0.0
2026-06-24 16:03:30,7641.47,7641.47,30565.88,0.0
2026-06-24 18:12:01,7641.47,7641.47,30565.88,0.0
2026-06-24 20:12:58,7641.47,7641.47,30565.88,0.0
2026-06-24 21:49:40,7641.47,7641.47,30565.88,0.0
2026-06-24 23:12:22,7641.47,7641.47,30565.88,0.0
2026-06-25 01:29:01,7641.47,7641.47,30565.88,0.0
2026-06-25 05:48:11,7641.47,7641.47,30565.88,0.0
2026-06-25 09:34:45,7641.47,7641.47,30565.88,0.0
2026-06-25 12:07:12,7641.47,7641.47,30565.88,0.0
2026-06-25 15:18:04,7641.47,7641.47,30565.88,0.0
2026-06-25 17:32:01,7641.47,7641.47,30565.88,0.0
2026-06-25 19:31:36,7641.47,7641.47,30565.88,0.0
2026-06-25 21:18:36,7641.47,7641.47,30565.88,0.0
2026-06-25 22:57:30,7641.47,7641.47,30565.88,0.0
2026-06-26 00:19:40,7641.47,7641.47,30565.88,0.0
2026-06-26 04:51:55,7641.47,7641.47,30565.88,0.0
2026-06-26 08:33:42,7641.47,7641.47,30565.88,0.0
2026-06-26 11:34:19,7641.47,7641.47,30565.88,0.0
2026-06-26 13:50:37,7641.47,7641.47,30565.88,0.0
2026-06-26 16:22:15,7641.47,7641.47,30565.88,0.0
2026-06-26 18:11:53,7641.47,7641.47,30565.88,0.0
2026-06-26 20:13:18,7641.47,7641.47,30565.88,0.0
2026-06-26 21:43:42,7641.47,7641.47,30565.88,0.0
2026-06-26 22:55:07,7641.47,7641.47,30565.88,0.0
2026-06-27 00:15:07,7641.47,7641.47,30565.88,0.0
2026-06-27 04:29:32,7641.47,7641.47,30565.88,0.0
2026-06-27 07:37:41,7641.47,7641.47,30565.88,0.0
2026-06-27 09:52:20,7641.47,7641.47,30565.88,0.0
2026-06-27 11:40:31,7641.47,7641.47,30565.88,0.0
2026-06-27 12:57:30,7641.47,7641.47,30565.88,0.0
2026-06-27 14:51:00,7641.47,7641.47,30565.88,0.0
2026-06-27 16:11:23,7641.47,7641.47,30565.88,0.0
2026-06-27 17:32:21,7641.47,7641.47,30565.88,0.0
2026-06-27 18:54:01,7641.47,7641.47,30565.88,0.0
2026-06-27 20:13:35,7641.47,7641.47,30565.88,0.0
2026-06-27 21:32:24,7641.47,7641.47,30565.88,0.0
2026-06-27 22:44:39,7641.47,7641.47,30565.88,0.0
2026-06-27 23:45:48,7641.47,7641.47,30565.88,0.0
2026-06-28 04:24:58,7641.47,7641.47,30565.88,0.0
2026-06-28 08:03:36,7641.47,7641.47,30565.88,0.0
2026-06-28 10:35:55,7641.47,7641.47,30565.88,0.0
2026-06-28 12:10:04,7641.47,7641.47,30565.88,0.0
2026-06-28 14:17:21,7641.47,7641.47,30565.88,0.0
2026-06-28 15:52:08,7641.47,7641.47,30565.88,0.0
2026-06-28 17:20:15,7641.47,7641.47,30565.88,0.0
2026-06-28 18:46:51,7641.47,7641.47,30565.88,0.0
2026-06-28 20:17:54,7641.47,7641.47,30565.88,0.0
2026-06-28 21:40:45,7641.47,7641.47,30565.88,0.0
2026-06-28 22:44:55,7641.47,7641.47,30565.88,0.0
2026-06-28 23:54:08,7641.47,7641.47,30565.88,0.0
2026-06-29 04:44:14,7641.47,7641.47,30565.88,0.0
2026-06-29 09:19:43,7641.47,7641.47,30565.88,0.0
2026-06-29 13:51:57,7641.47,7641.47,30565.88,0.0
2026-06-29 16:55:36,7641.47,7641.47,30565.88,0.0
2026-06-29 19:07:23,7641.47,7641.47,30565.88,0.0
2026-06-29 20:57:49,7641.47,7641.47,30565.88,0.0
2026-06-29 22:16:18,7641.47,7641.47,30565.88,0.0
2026-06-29 23:35:43,7641.47,7641.47,30565.88,0.0
2026-06-30 01:50:59,7641.47,7641.47,30565.88,0.0
2026-06-30 06:19:42,7641.47,7641.47,30565.88,0.0
2026-06-30 10:08:43,7641.47,7641.47,30565.88,0.0
2026-06-30 12:24:56,7641.47,7641.47,30565.88,0.0
2026-06-30 15:13:30,7641.47,7641.47,30565.88,0.0
2026-06-30 17:18:28,7641.47,7641.47,30565.88,0.0
2026-06-30 19:21:36,7641.47,7641.47,30565.88,0.0
2026-06-30 21:16:29,7641.47,7641.47,30565.88,0.0
2026-06-30 22:52:02,7641.47,7641.47,30565.88,0.0
2026-07-01 00:14:35,7641.47,7641.47,30565.88,0.0
2026-07-01 04:57:31,7641.47,7641.47,30565.88,0.0
2026-07-01 08:53:31,7641.47,7641.47,30565.88,0.0
2026-07-01 12:12:32,7641.47,7641.47,30565.88,0.0
2026-07-01 15:14:38,7641.47,7641.47,30565.88,0.0
2026-07-01 17:25:29,7641.47,7641.47,30565.88,0.0
2026-07-01 19:19:25,7641.47,7641.47,30565.88,0.0
2026-07-01 21:09:03,7641.47,7641.47,30565.88,0.0
2026-07-01 22:41:21,7641.47,7641.47,30565.88,0.0
2026-07-01 23:58:03,7641.47,7641.47,30565.88,0.0
2026-07-02 04:15:35,7641.47,7641.47,30565.88,0.0
2026-07-02 07:50:40,7641.47,7641.47,30565.88,0.0
2026-07-02 10:47:29,7641.47,7641.47,30565.88,0.0
2026-07-02 13:01:46,7641.47,7641.47,30565.88,0.0
2026-07-02 15:32:35,7641.47,7641.47,30565.88,0.0
2026-07-02 17:20:48,7641.47,7641.47,30565.88,0.0
2026-07-02 18:59:04,7641.47,7641.47,30565.88,0.0
2026-07-02 20:34:58,7641.47,7641.47,30565.88,0.0
2026-07-02 21:50:42,7641.47,7641.47,30565.88,0.0
2026-07-02 23:14:51,7641.47,7641.47,30565.88,0.0
2026-07-03 01:06:15,7641.47,7641.47,30565.88,0.0
2026-07-03 04:58:59,7641.47,7641.47,30565.88,0.0
2026-07-03 08:20:06,7641.47,7641.47,30565.88,0.0
2026-07-03 11:11:41,7641.47,7641.47,30565.88,0.0
2026-07-03 13:14:09,7641.47,7641.47,30565.88,0.0
2026-07-03 15:29:27,7641.47,7641.47,30565.88,0.0
2026-07-03 17:00:13,7641.47,7641.47,30565.88,0.0
2026-07-03 18:21:45,7641.47,7641.47,30565.88,0.0
2026-07-03 19:59:11,7641.47,7641.47,30565.88,0.0
2026-07-03 21:19:17,7641.47,7641.47,30565.88,0.0
2026-07-03 22:36:04,7641.47,7641.47,30565.88,0.0
2026-07-03 23:45:02,7641.47,7641.47,30565.88,0.0
2026-07-04 01:21:55,7641.47,7641.47,30565.88,0.0
2026-07-04 05:25:04,7641.47,7641.47,30565.88,0.0
2026-07-04 08:12:02,7641.47,7641.47,30565.88,0.0
2026-07-04 10:27:43,7641.47,7641.47,30565.88,0.0
2026-07-04 11:53:49,7641.47,7641.47,30565.88,0.0
2026-07-04 13:48:15,7641.47,7641.47,30565.88,0.0
2026-07-04 15:12:10,7641.47,7641.47,30565.88,0.0
2026-07-04 16:17:29,7641.47,7641.47,30565.88,0.0
2026-07-04 17:35:46,7641.47,7641.47,30565.88,0.0
2026-07-04 18:42:53,7641.47,7641.47,30565.88,0.0
2026-07-04 19:59:08,7641.47,7641.47,30565.88,0.0
2026-07-04 21:10:59,7641.47,7641.47,30565.88,0.0
2026-07-04 22:13:32,7641.47,7641.47,30565.88,0.0
2026-07-04 23:17:20,7641.47,7641.47,30565.88,0.0
2026-07-05 01:17:44,7641.47,7641.47,30565.88,0.0
2026-07-05 05:43:21,7641.47,7641.47,30565.88,0.0
2026-07-05 08:32:31,7641.47,7641.47,30565.88,0.0
2026-07-05 10:53:35,7641.47,7641.47,30565.88,0.0
2026-07-05 12:21:16,7641.47,7641.47,30565.88,0.0
2026-07-05 14:17:44,7641.47,7641.47,30565.88,0.0
2026-07-05 15:48:42,7641.47,7641.47,30565.88,0.0
2026-07-05 17:19:07,7641.47,7641.47,30565.88,0.0
2026-07-05 18:39:02,7641.47,7641.47,30565.88,0.0
2026-07-05 20:00:42,7641.47,7641.47,30565.88,0.0
2026-07-05 21:28:44,7641.47,7641.47,30565.88,0.0
2026-07-05 22:34:38,7641.47,7641.47,30565.88,0.0
2026-07-05 23:46:39,7641.47,7641.47,30565.88,0.0
2026-07-06 04:10:39,7641.47,7641.47,30565.88,0.0
2026-07-06 08:41:59,7641.47,7641.47,30565.88,0.0
2026-07-06 12:29:31,7641.47,7641.47,30565.88,0.0
2026-07-06 16:03:31,7641.47,7641.47,30565.88,0.0
2026-07-06 18:21:22,7641.47,7641.47,30565.88,0.0
2026-07-06 20:27:02,7641.47,7641.47,30565.88,0.0
2026-07-06 21:57:31,7641.47,7641.47,30565.88,0.0
2026-07-06 23:16:55,7641.47,7641.47,30565.88,0.0
2026-07-07 01:18:01,7641.47,7641.47,30565.88,0.0
2026-07-07 05:44:48,7641.47,7641.47,30565.88,0.0
2026-07-07 08:56:39,7641.47,7641.47,30565.88,0.0
2026-07-07 12:05:25,7641.47,7641.47,30565.88,0.0
2026-07-07 15:17:03,7641.47,7641.47,30565.88,0.0
2026-07-07 17:33:38,7641.47,7641.47,30565.88,0.0
2026-07-07 19:25:59,7641.47,7641.47,30565.88,0.0
2026-07-07 21:08:28,7641.47,7641.47,30565.88,0.0
2026-07-07 22:32:23,7641.47,7641.47,30565.88,0.0
2026-07-07 23:38:37,7641.47,7641.47,30565.88,0.0
2026-07-08 01:12:56,7641.47,7641.47,30565.88,0.0
2026-07-08 04:35:28,7641.47,7641.47,30565.88,0.0
2026-07-08 07:16:18,7641.47,7641.47,30565.88,0.0
2026-07-08 09:56:37,7641.47,7641.47,30565.88,0.0
2026-07-08 11:52:00,7641.47,7641.47,30565.88,0.0
2026-07-08 14:29:39,7641.47,7641.47,30565.88,0.0
2026-07-08 16:15:41,7641.47,7641.47,30565.88,0.0
2026-07-08 18:01:58,7641.47,7641.47,30565.88,0.0
2026-07-08 19:56:26,7641.47,7641.47,30565.88,0.0
2026-07-08 21:18:07,7641.47,7641.47,30565.88,0.0
2026-07-08 22:34:51,7641.47,7641.47,30565.88,0.0
2026-07-08 23:47:49,7641.47,7641.47,30565.88,0.0
2026-07-09 03:54:49,7641.47,7641.47,30565.88,0.0
2026-07-09 07:44:28,7641.47,7641.47,30565.88,0.0
2026-07-09 10:40:59,7641.47,7641.47,30565.88,0.0
2026-07-09 13:37:53,7641.47,7641.47,30565.88,0.0
2026-07-09 16:17:10,7641.47,7641.47,30565.88,0.0
2026-07-09 18:18:37,7641.47,7641.47,30565.88,0.0
2026-07-09 20:22:34,7641.47,7641.47,30565.88,0.0
2026-07-09 22:02:45,7641.47,7641.47,30565.88,0.0
2026-07-09 23:38:29,7641.47,7641.47,30565.88,0.0
2026-07-10 01:17:17,7641.47,7641.47,30565.88,0.0
2026-07-10 05:42:02,7641.47,7641.47,30565.88,0.0
2026-07-10 08:52:19,7641.47,7641.47,30565.88,0.0
2026-07-10 12:00:56,7641.47,7641.47,30565.88,0.0
2026-07-10 15:03:21,7641.47,7641.47,30565.88,0.0
2026-07-10 17:10:12,7649.14,5133.44,27577.72,7.670000000000073
2026-07-10 18:46:52,7654.8,5133.44,27593.57,13.329999999999927
2026-07-10 20:37:14,7653.12,5133.44,27588.86,11.649999999999636
2026-07-10 21:43:31,7654.72,5133.44,27593.34,13.25
2026-07-10 22:43:59,7653.42,5133.44,27589.69,11.949999999999818
2026-07-10 23:42:30,7653.42,5133.44,27589.7,11.949999999999818
2026-07-11 01:11:51,7653.12,5133.44,27588.86,11.649999999999636
2026-07-11 04:30:56,7656.0,5133.44,27596.93,14.529999999999744
2026-07-11 06:59:07,7656.0,5133.44,27596.93,0.0
2026-07-11 08:55:44,7656.0,5133.44,27596.93,0.0
2026-07-11 10:20:43,7656.0,5133.44,27596.93,0.0
2026-07-11 11:31:16,7656.0,5133.44,27596.93,0.0
2026-07-11 12:40:51,7656.0,5133.44,27596.93,0.0
2026-07-11 14:12:48,7656.0,5133.44,27596.93,0.0
2026-07-11 15:25:38,7656.0,5133.44,27596.93,0.0
2026-07-11 16:27:24,7656.0,5133.44,27596.93,0.0
2026-07-11 17:33:19,7656.0,5133.44,27596.93,0.0
2026-07-11 18:37:30,7656.0,5133.44,27596.93,0.0
2026-07-11 19:53:50,7656.0,5133.44,27596.93,0.0
2026-07-11 20:58:28,7656.0,5133.44,27596.93,0.0
2026-07-11 21:59:01,7656.0,5133.44,27596.93,0.0
2026-07-11 23:02:18,7656.0,5133.44,27596.93,0.0
2026-07-12 00:12:07,7656.0,5133.44,27596.93,0.0
2026-07-12 04:01:55,7656.0,5133.44,27596.93,0.0
2026-07-12 06:47:09,7656.0,5133.44,27596.93,0.0
2026-07-12 09:07:31,7656.0,5133.44,27596.93,0.0
2026-07-12 10:43:53,7656.0,5133.44,27596.93,0.0
2026-07-12 11:46:31,7656.0,5133.44,27596.93,0.0
2026-07-12 13:41:24,7656.0,5133.44,27596.93,0.0
2026-07-12 14:43:39,7656.0,5133.44,27596.93,0.0
2026-07-12 15:43:38,7656.0,5133.44,27596.93,0.0
2026-07-12 16:39:05,7656.0,5133.44,27596.93,0.0
2026-07-12 17:44:36,7656.0,5133.44,27596.93,0.0
2026-07-12 18:41:18,7656.0,5133.44,27596.93,0.0
2026-07-12 19:55:22,7656.0,5133.44,27596.93,0.0
2026-07-12 20:58:21,7656.0,5133.44,27596.93,0.0
2026-07-12 22:00:37,7656.0,5133.44,27596.93,0.0
2026-07-12 23:10:37,7656.0,5133.44,27596.93,0.0
2026-07-13 00:12:24,7645.36,5133.44,27567.14,-10.640000000000327
2026-07-13 04:04:04,7653.44,5133.44,27589.76,-2.5600000000004
2026-07-13 07:41:25,7658.0,5133.44,27602.53,2.0
2026-07-13 10:44:08,7660.96,5133.44,27610.82,4.960000000000036
2026-07-13 13:09:13,7671.6,5133.44,27640.61,15.600000000000364
2026-07-13 15:59:37,7671.04,5133.44,27639.04,15.039999999999964
2026-07-13 18:03:08,7650.41,2912.13,24915.7,-5.5900000000001455
2026-07-13 19:51:27,7658.02,2912.13,24937.01,2.020000000000437
2026-07-13 21:03:26,7652.1,2912.13,24920.44,-3.899999999999636
2026-07-13 22:11:57,7653.7,2912.13,24924.92,-2.300000000000182
2026-07-13 23:15:17,7652.66,2912.13,24922.0,-3.340000000000145
2026-07-14 00:11:16,7656.66,2912.13,24933.2,0.6599999999998545
2026-07-14 03:38:24,7643.06,2912.13,24895.12,-12.9399999999996
2026-07-14 05:58:14,7638.26,2912.13,24881.68,-17.73999999999978
2026-07-14 08:23:56,7625.46,2912.13,24845.84,-28.079999999999927
2026-07-14 10:19:27,7625.7,2912.13,24846.52,-27.840000000000146
2026-07-14 11:56:55,7631.16,2912.13,24861.82,-22.38000000000011
2026-07-14 14:05:03,7636.22,2912.13,24875.96,-17.31999999999971
2026-07-14 15:47:50,7660.47,5146.99,27625.7,6.930000000000291
2026-07-14 17:21:01,7665.87,5146.99,27640.82,12.329999999999927
2026-07-14 18:41:31,7667.59,5146.99,27645.64,14.050000000000182
2026-07-14 19:58:05,7667.71,5146.99,27645.98,14.170000000000073
2026-07-14 21:09:35,7664.99,5146.99,27638.36,11.449999999999818
2026-07-14 22:14:01,7662.19,5146.99,27630.52,8.649999999999636
2026-07-14 23:14:33,7665.63,5146.99,27640.15,12.090000000000146
2026-07-15 00:09:29,7668.67,5146.99,27648.66,15.13000000000011
2026-07-15 03:37:56,7669.95,5146.99,27652.25,16.409999999999854
2026-07-15 06:00:22,7672.27,5146.99,27658.74,18.73000000000048
2026-07-15 08:32:09,7677.35,5146.99,27672.97,11.480000000000471
2026-07-15 10:29:54,7688.03,5146.99,27702.87,22.15999999999985
2026-07-15 12:04:25,7677.23,5146.99,27672.63,11.359999999999673
2026-07-15 14:12:14,7744.95,5146.99,27862.25,79.07999999999993
2026-07-15 15:53:42,7753.98,2934.31,25232.3,88.10999999999967
2026-07-15 17:23:47,7753.58,2934.31,25231.2,87.71000000000004
2026-07-15 18:39:26,7761.47,2934.31,25253.29,95.60000000000036
2026-07-15 19:54:10,7755.94,2934.31,25237.79,90.06999999999971
2026-07-15 21:06:46,7760.93,2934.31,25251.78,95.0600000000004
2026-07-15 22:14:56,7762.99,2934.31,25257.54,97.11999999999988
2026-07-15 23:16:58,7764.12,2934.31,25260.71,98.25
2026-07-16 00:57:48,7764.63,2934.31,25262.14,98.76000000000022
2026-07-16 04:16:57,7765.03,2934.31,25263.26,99.15999999999984
2026-07-16 07:02:11,7759.75,2934.31,25248.47,-0.3999999999996362
2026-07-16 09:30:02,7770.83,2934.31,25279.5,10.680000000000293
2026-07-16 11:20:03,7772.1,2934.31,25283.05,11.950000000000728
2026-07-16 13:03:07,7769.06,2934.31,25274.55,8.910000000000764
2026-07-16 15:14:12,7794.44,2934.31,25345.59,34.289999999999964
2026-07-16 16:45:08,7786.69,2934.31,25323.89,26.539999999999964
2026-07-16 17:56:15,7787.27,2934.31,25325.51,27.1200000000008
2026-07-16 19:24:25,7814.82,2934.31,25402.65,54.67000000000007
2026-07-16 20:28:14,7811.57,2934.31,25393.58,51.42000000000007
2026-07-16 21:38:30,7809.85,2934.31,25388.75,49.70000000000073
2026-07-16 22:40:15,7817.39,2934.31,25409.87,57.24000000000069
2026-07-16 23:40:17,7826.39,2934.31,25435.06,66.24000000000069
2026-07-17 01:13:23,7822.14,2934.31,25423.16,61.99000000000069
2026-07-17 04:29:27,7827.58,2934.31,25438.4,67.43000000000029
2026-07-17 06:59:33,7820.75,2934.31,25419.27,7.109999999999673
2026-07-17 09:17:49,7823.14,2934.31,25425.96,9.5
2026-07-17 11:06:52,7812.12,2934.31,25395.12,-1.5200000000004366
2026-07-17 12:37:29,7815.05,2934.31,25403.31,1.4099999999998545
2026-07-17 14:18:17,7792.77,2934.31,25340.93,-20.86999999999989
2026-07-17 15:58:32,7795.44,2934.31,25348.4,-18.200000000000728
2026-07-17 17:20:03,7770.48,2934.31,25278.52,-43.16000000000077
2026-07-17 18:35:55,7785.02,2934.31,25319.21,-28.61999999999989
2026-07-17 19:49:45,7799.32,2934.31,25359.28,-14.320000000000618
2026-07-17 21:02:22,7802.8,2934.31,25369.02,-10.840000000000146
2026-07-17 22:07:48,7803.48,2934.31,25370.91,-10.160000000000764
