timestamp,equity,cash,buying_power,daily_pnl
2026-05-17 17:18:55,2055.7,2055.7,4111.4,0.0
2026-05-17 17:24:42,2055.7,2055.7,4111.4,0.0
2026-05-17 17:29:03,2055.7,2055.7,4111.4,0.0
2026-05-17 17:38:42,2055.7,2055.7,4111.4,0.0
2026-05-17 17:43:40,2055.7,2055.7,4111.4,0.0
2026-05-17 18:37:04,2055.7,2055.7,4111.4,0.0
2026-05-17 19:53:38,2055.7,2055.7,4111.4,0.0
2026-05-17 21:02:12,2055.7,2055.7,4111.4,0.0
2026-05-17 22:09:43,2055.7,2055.7,4111.4,0.0
2026-05-17 23:13:35,2055.7,2055.7,4111.4,0.0
2026-05-18 00:14:00,2055.7,2055.7,4111.4,0.0
2026-05-18 04:46:59,2055.7,2055.7,4111.4,0.0
2026-05-18 08:49:43,2055.7,2055.7,4111.4,0.0
2026-05-18 12:40:21,2055.7,2055.7,4111.4,0.0
2026-05-18 16:14:34,2055.7,2055.7,4111.4,0.0
2026-05-18 18:14:46,2055.7,2055.7,4111.4,0.0
2026-05-18 20:06:47,2055.7,2055.7,4111.4,0.0
2026-05-18 21:39:54,2055.7,2055.7,4111.4,0.0
2026-05-18 22:41:38,2055.7,2055.7,4111.4,0.0
2026-05-18 23:49:09,2055.7,2055.7,4111.4,0.0
2026-05-19 04:10:59,2055.7,2055.7,4111.4,0.0
2026-05-19 07:58:28,2055.7,2055.7,4111.4,0.0
2026-05-19 11:29:59,2055.7,2055.7,4111.4,0.0
2026-05-19 14:14:10,2055.7,2055.7,4111.4,0.0
2026-05-19 17:21:14,2055.7,2055.7,4111.4,0.0
2026-05-19 19:27:35,2055.7,2055.7,4111.4,0.0
2026-05-19 21:06:03,2055.7,2055.7,4111.4,0.0
2026-05-19 22:40:04,7055.7,7055.7,14111.4,5000.0
2026-05-19 23:47:01,7055.7,7055.7,14111.4,5000.0
2026-05-20 04:11:54,7055.7,7055.7,14111.4,5000.0
2026-05-20 07:57:51,7055.7,7055.7,14111.4,0.0
2026-05-20 11:16:46,7055.7,7055.7,14111.4,0.0
2026-05-20 14:07:19,7055.7,7055.7,14111.4,0.0
2026-05-20 17:33:44,7055.7,7055.7,14111.4,0.0
2026-05-20 19:55:40,7055.7,7055.7,14111.4,0.0
2026-05-20 22:02:02,7055.7,7055.7,14111.4,0.0
2026-05-20 23:40:38,7055.7,7055.7,14111.4,0.0
2026-05-21 01:48:57,7055.7,7055.7,14111.4,0.0
2026-05-21 06:17:11,7055.7,7055.7,14111.4,0.0
2026-05-21 10:11:04,7055.7,7055.7,14111.4,0.0
2026-05-21 13:34:13,7055.7,7055.7,14111.4,0.0
2026-05-21 16:30:18,7055.7,7055.7,14111.4,0.0
2026-05-21 18:24:22,7055.7,7055.7,14111.4,0.0
2026-05-21 20:22:47,7055.7,7055.7,14111.4,0.0
2026-05-21 22:01:45,7055.7,7055.7,14111.4,0.0
2026-05-21 23:18:00,7055.7,7055.7,12306.42,0.0
2026-05-22 01:31:10,7055.7,7055.7,12301.08,0.0
2026-05-22 05:51:14,7055.7,7055.7,12301.08,0.0
2026-05-22 09:40:47,7055.7,7055.7,12268.98,0.0
2026-05-22 12:08:39,7055.7,7055.7,12276.8,0.0
2026-05-22 15:25:16,7064.87,7064.87,14129.74,9.170000000000073
2026-05-22 17:25:33,7064.87,7064.87,14129.74,9.170000000000073
2026-05-22 19:14:31,7064.87,7064.87,14129.74,9.170000000000073
2026-05-22 20:51:30,7064.87,7064.87,14129.74,9.170000000000073
2026-05-22 22:13:19,7064.87,7064.87,14129.74,9.170000000000073
2026-05-22 23:35:08,7064.87,7064.87,10287.04,9.170000000000073
2026-05-23 01:28:48,7064.87,7064.87,10293.13,9.170000000000073
2026-05-23 05:11:10,7064.87,7064.87,10293.13,9.170000000000073
2026-05-23 07:45:01,7064.87,7064.87,10293.13,0.0
2026-05-23 09:29:25,7064.87,7064.87,10293.13,0.0
2026-05-23 10:57:50,7064.87,7064.87,10293.13,0.0
2026-05-23 12:04:28,7064.87,7064.87,10293.13,0.0
2026-05-23 14:04:25,7064.87,7064.87,10293.13,0.0
2026-05-23 15:33:08,7064.87,7064.87,10293.13,0.0
2026-05-23 16:42:40,7064.87,7064.87,10293.13,0.0
2026-05-23 17:47:23,7064.87,7064.87,10293.13,0.0
2026-05-23 19:20:55,7064.87,7064.87,10293.13,0.0
2026-05-23 20:26:50,7064.87,7064.87,10293.13,0.0
2026-05-23 21:29:24,7064.87,7064.87,10293.13,0.0
2026-05-23 22:31:24,7064.87,7064.87,10293.13,0.0
2026-05-23 23:42:41,7064.87,7064.87,10293.13,0.0
2026-05-24 01:49:29,7064.87,7064.87,10293.13,0.0
2026-05-24 06:08:22,7064.87,7064.87,10293.13,0.0
2026-05-24 08:45:38,7064.87,7064.87,10293.13,0.0
2026-05-24 10:45:58,7064.87,7064.87,10293.13,0.0
2026-05-24 12:04:55,7064.87,7064.87,10293.13,0.0
2026-05-24 14:03:08,7064.87,7064.87,10293.13,0.0
2026-05-24 15:35:30,7064.87,7064.87,10293.13,0.0
2026-05-24 16:44:42,7064.87,7064.87,10293.13,0.0
2026-05-24 17:46:22,7064.87,7064.87,10293.13,0.0
2026-05-24 19:25:33,7064.87,7064.87,10293.13,0.0
2026-05-24 20:32:09,7064.87,7064.87,10293.13,0.0
2026-05-24 21:40:45,7064.87,7064.87,10293.13,0.0
2026-05-24 22:42:02,7064.87,7064.87,10293.13,0.0
2026-05-24 23:45:01,7064.87,7064.87,10293.13,0.0
2026-05-25 01:55:48,7064.87,7064.87,10293.13,0.0
2026-05-25 06:43:08,7064.87,7064.87,10293.13,0.0
2026-05-25 11:00:26,7064.87,7064.87,10293.13,0.0
2026-05-25 14:18:02,7064.87,7064.87,10293.13,0.0
2026-05-25 16:39:02,7064.87,7064.87,10293.13,0.0
2026-05-25 18:17:37,7064.87,7064.87,10293.13,0.0
2026-05-25 20:11:10,7064.87,7064.87,10293.13,0.0
2026-05-25 21:36:22,7064.87,7064.87,10293.13,0.0
2026-05-25 22:43:20,7064.87,7064.87,10293.13,0.0
2026-05-25 23:50:51,7064.87,7064.87,10293.13,0.0
2026-05-26 04:10:42,7064.87,7064.87,10293.13,0.0
2026-05-26 08:02:41,7064.87,7064.87,10206.09,0.0
2026-05-26 14:20:20,7081.76,5051.34,12133.1,16.890000000000327
2026-05-26 17:45:00,7077.77,5051.34,12129.11,12.900000000000546
2026-05-26 19:48:58,7084.14,5051.34,12135.48,19.27000000000044
2026-05-26 21:52:12,7084.91,5051.34,12136.25,20.039999999999964
2026-05-26 23:15:02,7085.05,5051.34,10114.31,20.18000000000029
2026-05-27 01:30:12,7089.46,5051.34,10108.2,24.590000000000146
2026-05-27 05:59:19,7092.19,5051.34,10110.93,27.31999999999971
2026-05-27 10:16:16,7099.33,5051.34,10102.27,14.420000000000073
2026-05-27 13:59:54,7027.83,4991.81,12019.64,-57.07999999999993
2026-05-27 17:29:53,7025.66,4991.81,12017.47,-59.25
2026-05-27 19:38:15,7024.12,4991.81,12015.93,-60.78999999999997
2026-05-27 21:29:32,7026.43,4991.81,12018.24,-58.47999999999956
2026-05-27 23:03:24,7026.36,4991.81,11380.37,-58.55000000000018
2026-05-28 00:16:28,7021.11,4991.81,11375.12,-63.80000000000018
2026-05-28 04:52:30,7008.51,4991.81,11362.52,-76.39999999999964
2026-05-28 08:49:24,7019.29,4991.81,11373.3,-5.109999999999673
2026-05-28 12:36:50,7022.86,4991.81,11376.87,-1.5399999999999636
2026-05-28 16:44:43,7031.3,4354.01,11385.31,6.900000000000546
2026-05-28 19:30:08,7035.62,4354.01,11389.63,11.220000000000256
2026-05-28 21:33:50,7031.41,4354.01,11385.42,7.010000000000218
2026-05-28 23:02:49,7029.41,4354.01,11383.42,5.010000000000218
2026-05-29 01:28:42,7025.64,4354.01,11379.65,1.2400000000006912
2026-05-29 05:55:07,7030.04,4354.01,11384.05,5.640000000000327
2026-05-29 10:06:34,7029.21,4354.01,11383.22,-4.300000000000182
2026-05-29 13:35:36,7018.83,4354.01,11372.84,-14.680000000000293
2026-05-29 17:03:48,7009.94,4978.54,11988.48,-23.57000000000062
2026-05-29 19:42:32,7011.2,4978.54,11989.74,-22.3100000000004
2026-05-29 21:29:15,7009.73,4978.54,11988.27,-23.78000000000065
2026-05-29 22:54:41,7009.1,4978.54,11352.6,-24.40999999999985
2026-05-30 00:14:23,7011.55,4978.54,11355.05,-21.96000000000004
2026-05-30 04:30:16,7011.55,4978.54,11355.05,-21.96000000000004
2026-05-30 07:30:24,7011.55,4978.54,11355.05,0.0
2026-05-30 09:33:18,7011.55,4978.54,11355.05,0.0
2026-05-30 11:07:13,7011.55,4978.54,11355.05,0.0
2026-05-30 12:17:26,7011.55,4978.54,11355.05,0.0
2026-05-30 14:16:01,7011.55,4978.54,11355.05,0.0
2026-05-30 15:48:53,7011.55,4978.54,11355.05,0.0
2026-05-30 17:17:01,7011.55,4978.54,11355.05,0.0
2026-05-30 18:41:47,7011.55,4978.54,11355.05,0.0
2026-05-30 19:57:56,7011.55,4978.54,11355.05,0.0
2026-05-30 21:11:19,7011.55,4978.54,11355.05,0.0
2026-05-30 22:15:27,7011.55,4978.54,11355.05,0.0
2026-05-30 23:31:03,7011.55,4978.54,11355.05,0.0
2026-05-31 01:53:38,7011.55,4978.54,11355.05,0.0
2026-05-31 06:26:05,7011.55,4978.54,11355.05,0.0
2026-05-31 09:34:40,7011.55,4978.54,11355.05,0.0
2026-05-31 11:21:39,7011.55,4978.54,11355.05,0.0
2026-05-31 12:59:56,7011.55,4978.54,11355.05,0.0
2026-05-31 14:53:27,7011.55,4978.54,11355.05,0.0
2026-05-31 16:17:12,7011.55,4978.54,11355.05,0.0
2026-05-31 17:39:42,7011.55,4978.54,11355.05,0.0
2026-05-31 18:53:45,7011.55,4978.54,11355.05,0.0
2026-05-31 20:16:30,7011.55,4978.54,11355.05,0.0
2026-05-31 21:34:06,7011.55,4978.54,11355.05,0.0
2026-05-31 22:42:28,7011.55,4978.54,11355.05,0.0
2026-05-31 23:48:34,7011.55,4978.54,11355.05,0.0
2026-06-01 04:58:13,7014.91,4978.54,11358.41,3.3599999999996726
2026-06-01 10:29:34,7012.46,4978.54,11355.96,0.9099999999998544
2026-06-01 16:24:50,6976.03,4349.25,11325.28,-35.52000000000044
2026-06-01 20:45:01,6969.54,4349.25,11318.79,-42.01000000000022
2026-06-01 22:53:44,6964.33,4349.25,11313.58,-47.220000000000255
2026-06-02 00:19:23,6960.91,4349.25,11310.16,-50.64000000000033
2026-06-02 05:12:59,6967.87,4349.25,11317.12,-43.68000000000029
2026-06-02 09:43:15,6977.99,4349.24,11327.23,5.420000000000073
2026-06-02 13:03:13,6974.86,4349.24,11324.1,2.289999999999964
2026-06-02 17:50:49,6991.38,4349.24,11340.62,18.8100000000004
2026-06-02 20:58:16,6992.01,4349.24,11341.25,19.44000000000051
2026-06-02 23:06:35,6985.7,4349.24,11334.94,13.13000000000011
2026-06-03 01:48:51,6986.33,4349.24,11335.57,13.760000000000218
2026-06-03 07:00:27,6985.05,4349.24,11334.29,12.480000000000471
2026-06-03 12:13:17,6986.07,4349.24,11335.31,13.5
2026-06-03 17:21:51,6977.36,4349.24,11326.6,4.789999999999964
2026-06-03 20:39:27,6983.49,4349.24,11332.73,10.920000000000073
2026-06-03 22:54:34,6977.48,4349.24,11326.72,4.909999999999855
2026-06-04 01:45:48,6986.04,4349.24,22670.56,13.470000000000256
2026-06-04 06:49:46,6985.17,4349.24,22668.82,-0.7399999999997817
2026-06-04 10:41:39,6978.26,4349.24,22655.0,-7.649999999999636
2026-06-04 13:50:31,6998.3,6366.06,26728.72,12.390000000000327
2026-06-04 16:57:17,6994.92,6366.06,26721.96,9.010000000000218
2026-06-04 19:28:57,6990.74,6366.06,26713.6,4.829999999999927
2026-06-04 21:16:04,6992.13,6366.06,26716.37,6.220000000000255
2026-06-04 22:54:05,6991.06,6366.06,22754.68,5.150000000000546
2026-06-05 00:15:50,6988.75,6366.06,22748.62,2.840000000000145
2026-06-05 04:58:47,6988.66,6366.06,22748.44,2.75
2026-06-05 08:50:44,6990.75,6366.06,22752.1,-2.880000000000109
2026-06-05 12:14:53,6989.56,6366.06,22734.38,-4.069999999999709
2026-06-05 15:31:38,6996.3,4373.28,22739.15,2.6700000000000728
2026-06-05 17:33:22,6984.2,4373.28,22714.95,-9.430000000000293
2026-06-05 19:24:35,6953.14,4373.28,22652.84,-40.48999999999978
2026-06-05 21:10:01,6945.06,4373.28,22636.68,-48.56999999999971
2026-06-05 22:36:40,6952.74,4373.28,22652.03,-40.89000000000033
2026-06-05 23:51:40,6952.48,4373.28,22651.52,-41.15000000000055
2026-06-06 04:05:36,6955.41,4373.28,22657.38,-38.220000000000255
2026-06-06 07:26:06,6955.41,4373.28,24723.08,0.0
2026-06-06 09:35:33,6955.41,4373.28,24723.08,0.0
2026-06-06 11:11:49,6955.41,4373.28,24723.08,0.0
2026-06-06 12:45:54,6955.41,4373.28,24723.08,0.0
2026-06-06 14:47:59,6955.41,4373.28,24723.08,0.0
2026-06-06 16:12:27,6955.41,4373.28,24723.08,0.0
2026-06-06 17:36:27,6955.41,4373.28,24723.08,0.0
2026-06-06 18:55:42,6955.41,4373.28,24723.08,0.0
2026-06-06 20:15:48,6955.41,4373.28,24723.08,0.0
2026-06-06 21:38:38,6955.41,4373.28,24723.08,0.0
2026-06-06 22:45:42,6955.41,4373.28,24723.08,0.0
2026-06-07 00:11:58,6955.41,4373.28,24723.08,0.0
2026-06-07 04:58:34,6955.41,4373.28,24723.08,0.0
2026-06-07 08:28:04,6955.41,4373.28,24723.08,0.0
2026-06-07 10:53:55,6955.41,4373.28,24723.08,0.0
2026-06-07 12:24:15,6955.41,4373.28,24723.08,0.0
2026-06-07 14:30:02,6955.41,4373.28,24723.08,0.0
2026-06-07 15:54:52,6955.41,4373.28,24723.08,0.0
2026-06-07 17:25:19,6955.41,4373.28,24723.08,0.0
2026-06-07 18:50:39,6955.41,4373.28,24723.08,0.0
2026-06-07 20:18:29,6955.41,4373.28,24723.08,0.0
2026-06-07 21:46:35,6955.41,4373.28,24723.08,0.0
2026-06-07 23:12:54,6955.41,4373.28,24723.08,0.0
2026-06-08 01:36:24,6960.53,4373.28,24737.42,5.119999999999891
2026-06-08 06:24:59,6968.41,4373.28,24759.48,13.0
2026-06-08 11:27:48,6963.45,4373.28,24745.59,8.039999999999964
2026-06-08 15:00:52,6976.07,6105.93,26678.17,20.65999999999985
2026-06-08 18:08:54,6965.77,5644.89,25729.1,10.360000000000582
2026-06-08 20:36:06,6953.28,5644.89,25713.07,-2.130000000000109
2026-06-08 22:16:44,6947.89,5644.89,25704.43,-7.519999999999527
2026-06-08 23:48:54,6949.76,5644.89,25708.24,-5.649999999999636
2026-06-09 04:08:37,6957.88,5644.89,25725.79,2.4700000000002547
2026-06-09 08:03:10,6960.41,5644.89,25734.42,7.699999999999818
2026-06-09 11:32:00,6974.77,5644.89,25757.32,22.0600000000004
2026-06-09 14:07:11,6924.21,4350.23,23659.26,-28.5
2026-06-09 16:50:02,6782.09,4886.98,24428.82,-170.6199999999999
2026-06-09 19:21:41,6819.46,4923.6,24660.78,-133.25
2026-06-09 21:20:28,6831.82,4923.6,24688.74,-120.89000000000031
2026-06-09 23:01:12,6820.44,4923.6,24663.92,-132.27000000000044
2026-06-10 01:32:46,6829.0,4923.6,24682.93,-123.71000000000004
2026-06-10 06:07:59,6823.02,4923.6,24669.58,-129.6899999999996
2026-06-10 10:35:04,6808.12,4923.6,24633.78,-22.5
2026-06-10 14:03:38,6837.24,4923.6,24701.25,6.619999999999891
2026-06-10 17:36:10,6816.41,4923.6,24645.54,-14.210000000000036
2026-06-10 20:00:25,6793.82,4923.6,24594.86,-36.80000000000018
2026-06-10 22:18:02,6784.62,4923.6,24573.74,-46.0
2026-06-10 23:57:35,6781.82,4923.6,24567.46,-48.80000000000018
2026-06-11 04:52:51,6815.02,4923.6,24644.74,-15.599999999999454
2026-06-11 09:16:31,6825.84,4923.6,24668.96,31.18000000000029
2026-06-11 13:02:54,6811.6,4923.6,24636.64,16.94000000000051
2026-06-11 17:02:25,6816.8,4923.6,24643.07,22.140000000000327
2026-06-11 19:46:58,6856.4,4923.6,24741.06,61.73999999999978
2026-06-11 22:06:23,6876.36,4923.6,24781.52,81.69999999999982
2026-06-11 23:55:07,6887.7,4923.6,24805.72,93.03999999999996
2026-06-12 04:45:03,6898.0,4923.6,24826.14,103.34000000000016
2026-06-12 08:50:06,6895.3,4923.6,24821.78,37.0600000000004
2026-06-12 12:24:52,6880.74,4923.6,24794.68,22.5
2026-06-12 15:48:27,6823.78,6409.38,26466.32,-34.46000000000004
2026-06-12 18:12:38,6832.94,6409.38,26484.64,-25.300000000000185
2026-06-12 20:29:01,6820.18,6409.38,26459.12,-38.05999999999949
2026-06-12 22:10:48,6824.78,6409.38,26468.32,-33.46000000000004
2026-06-12 23:54:09,6827.42,6409.38,26473.6,-30.81999999999971
2026-06-13 04:23:58,6818.94,6409.38,26456.64,-39.30000000000018
2026-06-13 08:02:52,6818.94,6409.38,26456.64,0.0
2026-06-13 10:40:01,6818.94,6409.38,26456.64,0.0
2026-06-13 12:17:03,6818.94,6409.38,26456.64,0.0
2026-06-13 14:39:34,6818.94,6409.38,26456.64,0.0
2026-06-13 16:06:30,6818.94,6409.38,26456.64,0.0
2026-06-13 17:47:10,6818.94,6409.38,26456.64,0.0
2026-06-13 19:45:35,6818.94,6409.38,26456.64,0.0
2026-06-13 21:21:56,6818.94,6409.38,26456.64,0.0
2026-06-13 22:38:53,6818.94,6409.38,26456.64,0.0
2026-06-13 23:49:10,6818.94,6409.38,26456.64,0.0
2026-06-14 04:50:51,6818.94,6409.38,26456.64,0.0
2026-06-14 08:43:34,6818.94,6409.38,26456.64,0.0
2026-06-14 11:18:07,6818.94,6409.38,26456.64,0.0
2026-06-14 13:15:13,6818.94,6409.38,26456.64,0.0
2026-06-14 15:21:53,6818.94,6409.38,26456.64,0.0
2026-06-14 16:57:12,6818.94,6409.38,26456.64,0.0
2026-06-14 18:19:35,6818.94,6409.38,26456.64,0.0
2026-06-14 20:07:31,6818.94,6409.38,26456.64,0.0
2026-06-14 21:42:10,6818.94,6409.38,26456.64,0.0
2026-06-14 22:54:07,6818.94,6409.38,26456.64,0.0
2026-06-15 00:18:56,7637.38,7209.38,29693.52,818.4400000000005
2026-06-15 05:40:25,7640.5,7209.38,29699.76,821.5600000000004
2026-06-15 11:35:58,7632.98,7209.38,29684.73,814.04
2026-06-15 16:33:12,7641.47,7641.47,30565.88,822.5300000000007
2026-06-15 20:16:53,7641.47,7641.47,30565.88,822.5300000000007
2026-06-15 22:34:59,7641.47,7641.47,30565.88,822.5300000000007
2026-06-16 00:18:04,7641.47,7641.47,30565.88,822.5300000000007
2026-06-16 06:09:45,7641.47,7641.47,30565.88,822.5300000000007
2026-06-16 11:36:18,7641.47,7641.47,30565.88,0.0
2026-06-16 16:13:54,7641.47,7641.47,30565.88,0.0
2026-06-16 19:52:38,7641.47,7641.47,30565.88,0.0
2026-06-16 22:19:39,7641.47,7641.47,30565.88,0.0
2026-06-16 23:57:52,7641.47,7641.47,30565.88,0.0
2026-06-17 05:04:59,7641.47,7641.47,30565.88,0.0
2026-06-17 10:06:14,7641.47,7641.47,30565.88,0.0
2026-06-17 14:02:49,7641.47,7641.47,30565.88,0.0
2026-06-17 17:25:59,7641.47,7641.47,30565.88,0.0
2026-06-17 19:38:10,7641.47,7641.47,30565.88,0.0
2026-06-17 21:46:31,7641.47,7641.47,30565.88,0.0
2026-06-17 23:43:59,7641.47,7641.47,30565.88,0.0
2026-06-18 02:05:19,7641.47,7641.47,30565.88,0.0
2026-06-18 07:11:55,7641.47,7641.47,30565.88,0.0
2026-06-18 11:18:56,7641.47,7641.47,30565.88,0.0
2026-06-18 14:30:09,7641.47,7641.47,30565.88,0.0
2026-06-18 17:45:49,7641.47,7641.47,30565.88,0.0
2026-06-18 20:34:05,7641.47,7641.47,30565.88,0.0
2026-06-18 22:34:28,7641.47,7641.47,30565.88,0.0
2026-06-19 00:15:36,7641.47,7641.47,30565.88,0.0
2026-06-19 05:35:24,7641.47,7641.47,30565.88,0.0
2026-06-19 10:05:30,7641.47,7641.47,30565.88,0.0
2026-06-19 13:51:02,7641.47,7641.47,30565.88,0.0
2026-06-19 16:34:59,7641.47,7641.47,30565.88,0.0
2026-06-19 18:24:25,7641.47,7641.47,30565.88,0.0
2026-06-19 20:17:21,7641.47,7641.47,30565.88,0.0
2026-06-19 21:46:45,7641.47,7641.47,30565.88,0.0
2026-06-19 23:05:08,7641.47,7641.47,30565.88,0.0
2026-06-20 01:30:33,7641.47,7641.47,30565.88,0.0
2026-06-20 06:04:12,7641.47,7641.47,30565.88,0.0
2026-06-20 09:44:00,7641.47,7641.47,30565.88,0.0
2026-06-20 11:46:03,7641.47,7641.47,30565.88,0.0
2026-06-20 14:19:17,7641.47,7641.47,30565.88,0.0
2026-06-20 16:00:21,7641.47,7641.47,30565.88,0.0
2026-06-20 17:43:05,7641.47,7641.47,30565.88,0.0
2026-06-20 19:01:53,7641.47,7641.47,30565.88,0.0
2026-06-20 20:42:11,7641.47,7641.47,30565.88,0.0
2026-06-20 21:56:06,7641.47,7641.47,30565.88,0.0
2026-06-20 23:18:32,7641.47,7641.47,30565.88,0.0
2026-06-21 02:00:22,7641.47,7641.47,30565.88,0.0
2026-06-21 07:02:42,7641.47,7641.47,30565.88,0.0
2026-06-21 10:48:33,7641.47,7641.47,30565.88,0.0
2026-06-21 13:11:59,7641.47,7641.47,30565.88,0.0
2026-06-21 15:18:29,7641.47,7641.47,30565.88,0.0
2026-06-21 17:07:04,7641.47,7641.47,30565.88,0.0
2026-06-21 18:53:34,7641.47,7641.47,30565.88,0.0
2026-06-21 20:42:37,7641.47,7641.47,30565.88,0.0
2026-06-21 22:04:07,7641.47,7641.47,30565.88,0.0
2026-06-21 23:46:08,7641.47,7641.47,30565.88,0.0
2026-06-22 05:08:15,7641.47,7641.47,30565.88,0.0
2026-06-22 10:48:25,7641.47,7641.47,30565.88,0.0
2026-06-22 15:58:10,7641.47,7641.47,30565.88,0.0
2026-06-22 19:38:29,7641.47,7641.47,30565.88,0.0
2026-06-22 21:50:24,7641.47,7641.47,30565.88,0.0
2026-06-22 23:25:43,7641.47,7641.47,30565.88,0.0
2026-06-23 01:33:03,7641.47,7641.47,30565.88,0.0
2026-06-23 05:52:54,7641.47,7641.47,30565.88,0.0
2026-06-23 09:56:03,7641.47,7641.47,30565.88,0.0
2026-06-23 12:40:52,7641.47,7641.47,30565.88,0.0
2026-06-23 15:40:20,7641.47,7641.47,30565.88,0.0
2026-06-23 17:30:53,7641.47,7641.47,30565.88,0.0
2026-06-23 19:32:13,7641.47,7641.47,30565.88,0.0
2026-06-23 21:20:05,7641.47,7641.47,30565.88,0.0
2026-06-23 22:48:41,7641.47,7641.47,30565.88,0.0
2026-06-24 00:04:06,7641.47,7641.47,30565.88,0.0
2026-06-24 04:38:36,7641.47,7641.47,30565.88,0.0
2026-06-24 08:15:37,7641.47,7641.47,30565.88,0.0
2026-06-24 11:23:28,7641.47,7641.47,30565.88,0.0
2026-06-24 13:38:09,7641.47,7641.47,30565.88,0.0
2026-06-24 16:03:30,7641.47,7641.47,30565.88,0.0
2026-06-24 18:12:01,7641.47,7641.47,30565.88,0.0
2026-06-24 20:12:58,7641.47,7641.47,30565.88,0.0
2026-06-24 21:49:40,7641.47,7641.47,30565.88,0.0
2026-06-24 23:12:22,7641.47,7641.47,30565.88,0.0
2026-06-25 01:29:01,7641.47,7641.47,30565.88,0.0
2026-06-25 05:48:11,7641.47,7641.47,30565.88,0.0
2026-06-25 09:34:45,7641.47,7641.47,30565.88,0.0
2026-06-25 12:07:12,7641.47,7641.47,30565.88,0.0
2026-06-25 15:18:04,7641.47,7641.47,30565.88,0.0
2026-06-25 17:32:01,7641.47,7641.47,30565.88,0.0
2026-06-25 19:31:36,7641.47,7641.47,30565.88,0.0
2026-06-25 21:18:36,7641.47,7641.47,30565.88,0.0
2026-06-25 22:57:30,7641.47,7641.47,30565.88,0.0
2026-06-26 00:19:40,7641.47,7641.47,30565.88,0.0
2026-06-26 04:51:55,7641.47,7641.47,30565.88,0.0
2026-06-26 08:33:42,7641.47,7641.47,30565.88,0.0
2026-06-26 11:34:19,7641.47,7641.47,30565.88,0.0
2026-06-26 13:50:37,7641.47,7641.47,30565.88,0.0
2026-06-26 16:22:15,7641.47,7641.47,30565.88,0.0
2026-06-26 18:11:53,7641.47,7641.47,30565.88,0.0
2026-06-26 20:13:18,7641.47,7641.47,30565.88,0.0
2026-06-26 21:43:42,7641.47,7641.47,30565.88,0.0
2026-06-26 22:55:07,7641.47,7641.47,30565.88,0.0
2026-06-27 00:15:07,7641.47,7641.47,30565.88,0.0
2026-06-27 04:29:32,7641.47,7641.47,30565.88,0.0
2026-06-27 07:37:41,7641.47,7641.47,30565.88,0.0
2026-06-27 09:52:20,7641.47,7641.47,30565.88,0.0
2026-06-27 11:40:31,7641.47,7641.47,30565.88,0.0
2026-06-27 12:57:30,7641.47,7641.47,30565.88,0.0
2026-06-27 14:51:00,7641.47,7641.47,30565.88,0.0
2026-06-27 16:11:23,7641.47,7641.47,30565.88,0.0
2026-06-27 17:32:21,7641.47,7641.47,30565.88,0.0
2026-06-27 18:54:01,7641.47,7641.47,30565.88,0.0
2026-06-27 20:13:35,7641.47,7641.47,30565.88,0.0
2026-06-27 21:32:24,7641.47,7641.47,30565.88,0.0
2026-06-27 22:44:39,7641.47,7641.47,30565.88,0.0
2026-06-27 23:45:48,7641.47,7641.47,30565.88,0.0
2026-06-28 04:24:58,7641.47,7641.47,30565.88,0.0
2026-06-28 08:03:36,7641.47,7641.47,30565.88,0.0
2026-06-28 10:35:55,7641.47,7641.47,30565.88,0.0
2026-06-28 12:10:04,7641.47,7641.47,30565.88,0.0
2026-06-28 14:17:21,7641.47,7641.47,30565.88,0.0
2026-06-28 15:52:08,7641.47,7641.47,30565.88,0.0
2026-06-28 17:20:15,7641.47,7641.47,30565.88,0.0
2026-06-28 18:46:51,7641.47,7641.47,30565.88,0.0
2026-06-28 20:17:54,7641.47,7641.47,30565.88,0.0
2026-06-28 21:40:45,7641.47,7641.47,30565.88,0.0
2026-06-28 22:44:55,7641.47,7641.47,30565.88,0.0
2026-06-28 23:54:08,7641.47,7641.47,30565.88,0.0
2026-06-29 04:44:14,7641.47,7641.47,30565.88,0.0
2026-06-29 09:19:43,7641.47,7641.47,30565.88,0.0
2026-06-29 13:51:57,7641.47,7641.47,30565.88,0.0
2026-06-29 16:55:36,7641.47,7641.47,30565.88,0.0
2026-06-29 19:07:23,7641.47,7641.47,30565.88,0.0
2026-06-29 20:57:49,7641.47,7641.47,30565.88,0.0
2026-06-29 22:16:18,7641.47,7641.47,30565.88,0.0
2026-06-29 23:35:43,7641.47,7641.47,30565.88,0.0
2026-06-30 01:50:59,7641.47,7641.47,30565.88,0.0
2026-06-30 06:19:42,7641.47,7641.47,30565.88,0.0
2026-06-30 10:08:43,7641.47,7641.47,30565.88,0.0
2026-06-30 12:24:56,7641.47,7641.47,30565.88,0.0
2026-06-30 15:13:30,7641.47,7641.47,30565.88,0.0
2026-06-30 17:18:28,7641.47,7641.47,30565.88,0.0
2026-06-30 19:21:36,7641.47,7641.47,30565.88,0.0
2026-06-30 21:16:29,7641.47,7641.47,30565.88,0.0
2026-06-30 22:52:02,7641.47,7641.47,30565.88,0.0
2026-07-01 00:14:35,7641.47,7641.47,30565.88,0.0
2026-07-01 04:57:31,7641.47,7641.47,30565.88,0.0
2026-07-01 08:53:31,7641.47,7641.47,30565.88,0.0
2026-07-01 12:12:32,7641.47,7641.47,30565.88,0.0
2026-07-01 15:14:38,7641.47,7641.47,30565.88,0.0
2026-07-01 17:25:29,7641.47,7641.47,30565.88,0.0
2026-07-01 19:19:25,7641.47,7641.47,30565.88,0.0
2026-07-01 21:09:03,7641.47,7641.47,30565.88,0.0
2026-07-01 22:41:21,7641.47,7641.47,30565.88,0.0
2026-07-01 23:58:03,7641.47,7641.47,30565.88,0.0
2026-07-02 04:15:35,7641.47,7641.47,30565.88,0.0
2026-07-02 07:50:40,7641.47,7641.47,30565.88,0.0
2026-07-02 10:47:29,7641.47,7641.47,30565.88,0.0
2026-07-02 13:01:46,7641.47,7641.47,30565.88,0.0
2026-07-02 15:32:35,7641.47,7641.47,30565.88,0.0
2026-07-02 17:20:48,7641.47,7641.47,30565.88,0.0
2026-07-02 18:59:04,7641.47,7641.47,30565.88,0.0
2026-07-02 20:34:58,7641.47,7641.47,30565.88,0.0
2026-07-02 21:50:42,7641.47,7641.47,30565.88,0.0
2026-07-02 23:14:51,7641.47,7641.47,30565.88,0.0
2026-07-03 01:06:15,7641.47,7641.47,30565.88,0.0
2026-07-03 04:58:59,7641.47,7641.47,30565.88,0.0
2026-07-03 08:20:06,7641.47,7641.47,30565.88,0.0
2026-07-03 11:11:41,7641.47,7641.47,30565.88,0.0
2026-07-03 13:14:09,7641.47,7641.47,30565.88,0.0
2026-07-03 15:29:27,7641.47,7641.47,30565.88,0.0
2026-07-03 17:00:13,7641.47,7641.47,30565.88,0.0
2026-07-03 18:21:45,7641.47,7641.47,30565.88,0.0
2026-07-03 19:59:11,7641.47,7641.47,30565.88,0.0
2026-07-03 21:19:17,7641.47,7641.47,30565.88,0.0
2026-07-03 22:36:04,7641.47,7641.47,30565.88,0.0
2026-07-03 23:45:02,7641.47,7641.47,30565.88,0.0
2026-07-04 01:21:55,7641.47,7641.47,30565.88,0.0
2026-07-04 05:25:04,7641.47,7641.47,30565.88,0.0
2026-07-04 08:12:02,7641.47,7641.47,30565.88,0.0
2026-07-04 10:27:43,7641.47,7641.47,30565.88,0.0
2026-07-04 11:53:49,7641.47,7641.47,30565.88,0.0
2026-07-04 13:48:15,7641.47,7641.47,30565.88,0.0
2026-07-04 15:12:10,7641.47,7641.47,30565.88,0.0
2026-07-04 16:17:29,7641.47,7641.47,30565.88,0.0
2026-07-04 17:35:46,7641.47,7641.47,30565.88,0.0
2026-07-04 18:42:53,7641.47,7641.47,30565.88,0.0
2026-07-04 19:59:08,7641.47,7641.47,30565.88,0.0
2026-07-04 21:10:59,7641.47,7641.47,30565.88,0.0
2026-07-04 22:13:32,7641.47,7641.47,30565.88,0.0
2026-07-04 23:17:20,7641.47,7641.47,30565.88,0.0
2026-07-05 01:17:44,7641.47,7641.47,30565.88,0.0
2026-07-05 05:43:21,7641.47,7641.47,30565.88,0.0
2026-07-05 08:32:31,7641.47,7641.47,30565.88,0.0
2026-07-05 10:53:35,7641.47,7641.47,30565.88,0.0
2026-07-05 12:21:16,7641.47,7641.47,30565.88,0.0
2026-07-05 14:17:44,7641.47,7641.47,30565.88,0.0
2026-07-05 15:48:42,7641.47,7641.47,30565.88,0.0
2026-07-05 17:19:07,7641.47,7641.47,30565.88,0.0
2026-07-05 18:39:02,7641.47,7641.47,30565.88,0.0
2026-07-05 20:00:42,7641.47,7641.47,30565.88,0.0
2026-07-05 21:28:44,7641.47,7641.47,30565.88,0.0
2026-07-05 22:34:38,7641.47,7641.47,30565.88,0.0
2026-07-05 23:46:39,7641.47,7641.47,30565.88,0.0
2026-07-06 04:10:39,7641.47,7641.47,30565.88,0.0
2026-07-06 08:41:59,7641.47,7641.47,30565.88,0.0
2026-07-06 12:29:31,7641.47,7641.47,30565.88,0.0
2026-07-06 16:03:31,7641.47,7641.47,30565.88,0.0
2026-07-06 18:21:22,7641.47,7641.47,30565.88,0.0
2026-07-06 20:27:02,7641.47,7641.47,30565.88,0.0
2026-07-06 21:57:31,7641.47,7641.47,30565.88,0.0
2026-07-06 23:16:55,7641.47,7641.47,30565.88,0.0
2026-07-07 01:18:01,7641.47,7641.47,30565.88,0.0
2026-07-07 05:44:48,7641.47,7641.47,30565.88,0.0
2026-07-07 08:56:39,7641.47,7641.47,30565.88,0.0
2026-07-07 12:05:25,7641.47,7641.47,30565.88,0.0
2026-07-07 15:17:03,7641.47,7641.47,30565.88,0.0
2026-07-07 17:33:38,7641.47,7641.47,30565.88,0.0
2026-07-07 19:25:59,7641.47,7641.47,30565.88,0.0
2026-07-07 21:08:28,7641.47,7641.47,30565.88,0.0
2026-07-07 22:32:23,7641.47,7641.47,30565.88,0.0
2026-07-07 23:38:37,7641.47,7641.47,30565.88,0.0
2026-07-08 01:12:56,7641.47,7641.47,30565.88,0.0
2026-07-08 04:35:28,7641.47,7641.47,30565.88,0.0
2026-07-08 07:16:18,7641.47,7641.47,30565.88,0.0
2026-07-08 09:56:37,7641.47,7641.47,30565.88,0.0
2026-07-08 11:52:00,7641.47,7641.47,30565.88,0.0
2026-07-08 14:29:39,7641.47,7641.47,30565.88,0.0
2026-07-08 16:15:41,7641.47,7641.47,30565.88,0.0
2026-07-08 18:01:58,7641.47,7641.47,30565.88,0.0
2026-07-08 19:56:26,7641.47,7641.47,30565.88,0.0
2026-07-08 21:18:07,7641.47,7641.47,30565.88,0.0
2026-07-08 22:34:51,7641.47,7641.47,30565.88,0.0
2026-07-08 23:47:49,7641.47,7641.47,30565.88,0.0
2026-07-09 03:54:49,7641.47,7641.47,30565.88,0.0
2026-07-09 07:44:28,7641.47,7641.47,30565.88,0.0
2026-07-09 10:40:59,7641.47,7641.47,30565.88,0.0
2026-07-09 13:37:53,7641.47,7641.47,30565.88,0.0
2026-07-09 16:17:10,7641.47,7641.47,30565.88,0.0
2026-07-09 18:18:37,7641.47,7641.47,30565.88,0.0
2026-07-09 20:22:34,7641.47,7641.47,30565.88,0.0
2026-07-09 22:02:45,7641.47,7641.47,30565.88,0.0
2026-07-09 23:38:29,7641.47,7641.47,30565.88,0.0
2026-07-10 01:17:17,7641.47,7641.47,30565.88,0.0
2026-07-10 05:42:02,7641.47,7641.47,30565.88,0.0
2026-07-10 08:52:19,7641.47,7641.47,30565.88,0.0
2026-07-10 12:00:56,7641.47,7641.47,30565.88,0.0
2026-07-10 15:03:21,7641.47,7641.47,30565.88,0.0
2026-07-10 17:10:12,7649.14,5133.44,27577.72,7.670000000000073
2026-07-10 18:46:52,7654.8,5133.44,27593.57,13.329999999999927
2026-07-10 20:37:14,7653.12,5133.44,27588.86,11.649999999999636
2026-07-10 21:43:31,7654.72,5133.44,27593.34,13.25
2026-07-10 22:43:59,7653.42,5133.44,27589.69,11.949999999999818
2026-07-10 23:42:30,7653.42,5133.44,27589.7,11.949999999999818
2026-07-11 01:11:51,7653.12,5133.44,27588.86,11.649999999999636
2026-07-11 04:30:56,7656.0,5133.44,27596.93,14.529999999999744
2026-07-11 06:59:07,7656.0,5133.44,27596.93,0.0
2026-07-11 08:55:44,7656.0,5133.44,27596.93,0.0
2026-07-11 10:20:43,7656.0,5133.44,27596.93,0.0
2026-07-11 11:31:16,7656.0,5133.44,27596.93,0.0
2026-07-11 12:40:51,7656.0,5133.44,27596.93,0.0
2026-07-11 14:12:48,7656.0,5133.44,27596.93,0.0
2026-07-11 15:25:38,7656.0,5133.44,27596.93,0.0
2026-07-11 16:27:24,7656.0,5133.44,27596.93,0.0
2026-07-11 17:33:19,7656.0,5133.44,27596.93,0.0
2026-07-11 18:37:30,7656.0,5133.44,27596.93,0.0
2026-07-11 19:53:50,7656.0,5133.44,27596.93,0.0
2026-07-11 20:58:28,7656.0,5133.44,27596.93,0.0
2026-07-11 21:59:01,7656.0,5133.44,27596.93,0.0
2026-07-11 23:02:18,7656.0,5133.44,27596.93,0.0
2026-07-12 00:12:07,7656.0,5133.44,27596.93,0.0
2026-07-12 04:01:55,7656.0,5133.44,27596.93,0.0
2026-07-12 06:47:09,7656.0,5133.44,27596.93,0.0
2026-07-12 09:07:31,7656.0,5133.44,27596.93,0.0
2026-07-12 10:43:53,7656.0,5133.44,27596.93,0.0
2026-07-12 11:46:31,7656.0,5133.44,27596.93,0.0
2026-07-12 13:41:24,7656.0,5133.44,27596.93,0.0
2026-07-12 14:43:39,7656.0,5133.44,27596.93,0.0
2026-07-12 15:43:38,7656.0,5133.44,27596.93,0.0
2026-07-12 16:39:05,7656.0,5133.44,27596.93,0.0
2026-07-12 17:44:36,7656.0,5133.44,27596.93,0.0
2026-07-12 18:41:18,7656.0,5133.44,27596.93,0.0
2026-07-12 19:55:22,7656.0,5133.44,27596.93,0.0
2026-07-12 20:58:21,7656.0,5133.44,27596.93,0.0
2026-07-12 22:00:37,7656.0,5133.44,27596.93,0.0
2026-07-12 23:10:37,7656.0,5133.44,27596.93,0.0
2026-07-13 00:12:24,7645.36,5133.44,27567.14,-10.640000000000327
2026-07-13 04:04:04,7653.44,5133.44,27589.76,-2.5600000000004
2026-07-13 07:41:25,7658.0,5133.44,27602.53,2.0
2026-07-13 10:44:08,7660.96,5133.44,27610.82,4.960000000000036
2026-07-13 13:09:13,7671.6,5133.44,27640.61,15.600000000000364
2026-07-13 15:59:37,7671.04,5133.44,27639.04,15.039999999999964
2026-07-13 18:03:08,7650.41,2912.13,24915.7,-5.5900000000001455
2026-07-13 19:51:27,7658.02,2912.13,24937.01,2.020000000000437
2026-07-13 21:03:26,7652.1,2912.13,24920.44,-3.899999999999636
2026-07-13 22:11:57,7653.7,2912.13,24924.92,-2.300000000000182
2026-07-13 23:15:17,7652.66,2912.13,24922.0,-3.340000000000145
2026-07-14 00:11:16,7656.66,2912.13,24933.2,0.6599999999998545
2026-07-14 03:38:24,7643.06,2912.13,24895.12,-12.9399999999996
2026-07-14 05:58:14,7638.26,2912.13,24881.68,-17.73999999999978
2026-07-14 08:23:56,7625.46,2912.13,24845.84,-28.079999999999927
2026-07-14 10:19:27,7625.7,2912.13,24846.52,-27.840000000000146
2026-07-14 11:56:55,7631.16,2912.13,24861.82,-22.38000000000011
2026-07-14 14:05:03,7636.22,2912.13,24875.96,-17.31999999999971
2026-07-14 15:47:50,7660.47,5146.99,27625.7,6.930000000000291
2026-07-14 17:21:01,7665.87,5146.99,27640.82,12.329999999999927
2026-07-14 18:41:31,7667.59,5146.99,27645.64,14.050000000000182
2026-07-14 19:58:05,7667.71,5146.99,27645.98,14.170000000000073
2026-07-14 21:09:35,7664.99,5146.99,27638.36,11.449999999999818
2026-07-14 22:14:01,7662.19,5146.99,27630.52,8.649999999999636
2026-07-14 23:14:33,7665.63,5146.99,27640.15,12.090000000000146
2026-07-15 00:09:29,7668.67,5146.99,27648.66,15.13000000000011
2026-07-15 03:37:56,7669.95,5146.99,27652.25,16.409999999999854
2026-07-15 06:00:22,7672.27,5146.99,27658.74,18.73000000000048
2026-07-15 08:32:09,7677.35,5146.99,27672.97,11.480000000000471
2026-07-15 10:29:54,7688.03,5146.99,27702.87,22.15999999999985
2026-07-15 12:04:25,7677.23,5146.99,27672.63,11.359999999999673
2026-07-15 14:12:14,7744.95,5146.99,27862.25,79.07999999999993
2026-07-15 15:53:42,7753.98,2934.31,25232.3,88.10999999999967
2026-07-15 17:23:47,7753.58,2934.31,25231.2,87.71000000000004
2026-07-15 18:39:26,7761.47,2934.31,25253.29,95.60000000000036
2026-07-15 19:54:10,7755.94,2934.31,25237.79,90.06999999999971
2026-07-15 21:06:46,7760.93,2934.31,25251.78,95.0600000000004
2026-07-15 22:14:56,7762.99,2934.31,25257.54,97.11999999999988
2026-07-15 23:16:58,7764.12,2934.31,25260.71,98.25
2026-07-16 00:57:48,7764.63,2934.31,25262.14,98.76000000000022
2026-07-16 04:16:57,7765.03,2934.31,25263.26,99.15999999999984
2026-07-16 07:02:11,7759.75,2934.31,25248.47,-0.3999999999996362
2026-07-16 09:30:02,7770.83,2934.31,25279.5,10.680000000000293
2026-07-16 11:20:03,7772.1,2934.31,25283.05,11.950000000000728
2026-07-16 13:03:07,7769.06,2934.31,25274.55,8.910000000000764
2026-07-16 15:14:12,7794.44,2934.31,25345.59,34.289999999999964
2026-07-16 16:45:08,7786.69,2934.31,25323.89,26.539999999999964
2026-07-16 17:56:15,7787.27,2934.31,25325.51,27.1200000000008
2026-07-16 19:24:25,7814.82,2934.31,25402.65,54.67000000000007
2026-07-16 20:28:14,7811.57,2934.31,25393.58,51.42000000000007
2026-07-16 21:38:30,7809.85,2934.31,25388.75,49.70000000000073
2026-07-16 22:40:15,7817.39,2934.31,25409.87,57.24000000000069
2026-07-16 23:40:17,7826.39,2934.31,25435.06,66.24000000000069
2026-07-17 01:13:23,7822.14,2934.31,25423.16,61.99000000000069
2026-07-17 04:29:27,7827.58,2934.31,25438.4,67.43000000000029
2026-07-17 06:59:33,7820.75,2934.31,25419.27,7.109999999999673
2026-07-17 09:17:49,7823.14,2934.31,25425.96,9.5
2026-07-17 11:06:52,7812.12,2934.31,25395.12,-1.5200000000004366
2026-07-17 12:37:29,7815.05,2934.31,25403.31,1.4099999999998545
2026-07-17 14:18:17,7792.77,2934.31,25340.93,-20.86999999999989
2026-07-17 15:58:32,7795.44,2934.31,25348.4,-18.200000000000728
2026-07-17 17:20:03,7770.48,2934.31,25278.52,-43.16000000000077
2026-07-17 18:35:55,7785.02,2934.31,25319.21,-28.61999999999989
2026-07-17 19:49:45,7799.32,2934.31,25359.28,-14.320000000000618
2026-07-17 21:02:22,7802.8,2934.31,25369.02,-10.840000000000146
2026-07-17 22:07:48,7803.48,2934.31,25370.91,-10.160000000000764
2026-07-17 23:09:56,7804.09,2934.31,25372.62,-9.550000000000182
2026-07-18 00:11:12,7797.96,2934.31,25355.46,-15.680000000000293
2026-07-18 03:35:32,7798.37,2934.31,25356.61,-15.270000000000437
2026-07-18 05:53:29,7798.37,2934.31,25356.61,-15.270000000000437
2026-07-18 08:02:06,7798.37,2934.31,25356.61,0.0
2026-07-18 09:46:50,7798.37,2934.31,25356.61,0.0
2026-07-18 11:09:23,7798.37,2934.31,25356.61,0.0
2026-07-18 12:06:18,7798.37,2934.31,25356.61,0.0
2026-07-18 13:51:56,7798.37,2934.31,25356.61,0.0
2026-07-18 15:00:32,7798.37,2934.31,25356.61,0.0
2026-07-18 16:11:46,7798.37,2934.31,25356.61,0.0
2026-07-18 17:17:03,7798.37,2934.31,25356.61,0.0
2026-07-18 18:29:36,7798.37,2934.31,25356.61,0.0
2026-07-18 19:46:44,7798.37,2934.31,25356.61,0.0
2026-07-18 20:58:08,7798.37,2934.31,25356.61,0.0
2026-07-18 21:58:42,7798.37,2934.31,25356.61,0.0
2026-07-18 23:02:18,7798.37,2934.31,25356.61,0.0
2026-07-19 00:11:11,7798.37,2934.31,25356.61,0.0
2026-07-19 03:57:49,7798.37,2934.31,25356.61,0.0
2026-07-19 06:39:17,7798.37,2934.31,25356.61,0.0
2026-07-19 08:58:15,7798.37,2934.31,25356.61,0.0
2026-07-19 10:40:27,7798.37,2934.31,25356.61,0.0
2026-07-19 11:43:57,7798.37,2934.31,25356.61,0.0
2026-07-19 12:40:21,7798.37,2934.31,25356.61,0.0
2026-07-19 14:13:51,7798.37,2934.31,25356.61,0.0
2026-07-19 15:26:21,7798.37,2934.31,25356.61,0.0
2026-07-19 16:28:42,7798.37,2934.31,25356.61,0.0
2026-07-19 17:35:28,7798.37,2934.31,25356.61,0.0
2026-07-19 18:40:26,7798.37,2934.31,25356.61,0.0
2026-07-19 19:56:13,7798.37,2934.31,25356.61,0.0
2026-07-19 21:01:56,7798.37,2934.31,25356.61,0.0
2026-07-19 22:10:19,7798.37,2934.31,25356.61,0.0
2026-07-19 23:13:20,7798.37,2934.31,25356.61,0.0
2026-07-20 00:15:23,7802.0,2934.31,25366.77,3.630000000000109
2026-07-20 04:10:46,7796.29,2934.31,25350.78,-2.0799999999999272
2026-07-20 07:32:06,7791.77,2934.31,25338.13,-6.599999999999454
2026-07-20 10:31:46,7801.12,2934.31,25364.31,2.75
2026-07-20 12:56:21,7787.85,2934.31,25327.15,-10.519999999999529
2026-07-20 15:18:07,7725.01,2934.31,25151.2,-73.35999999999967
2026-07-20 16:58:50,7717.81,2934.31,25131.03,-80.55999999999949
2026-07-20 19:02:00,7739.75,2934.31,25192.46,-58.61999999999989
2026-07-20 20:42:08,7734.12,2934.31,25176.71,-64.25
2026-07-20 21:51:22,7733.88,2934.31,25176.04,-64.48999999999978
2026-07-20 23:05:21,7723.79,2934.31,25147.78,-74.57999999999993
2026-07-21 00:11:30,7726.67,2934.31,25155.85,-71.69999999999982
2026-07-21 03:49:26,7730.27,2934.31,25165.93,-68.09999999999945
2026-07-21 06:34:58,7733.64,2934.31,25175.36,1.050000000000182
2026-07-21 09:16:51,7717.09,2934.31,25129.02,-15.5
2026-07-21 11:24:42,7717.31,2934.31,25129.64,-15.279999999999744
2026-07-21 12:57:04,7718.28,2934.31,25132.37,-14.3100000000004
2026-07-21 15:10:50,7733.21,2934.31,25174.16,0.6199999999998909
2026-07-21 16:43:53,7752.78,2934.31,25228.94,20.1899999999996
2026-07-21 18:02:31,7746.34,2934.31,25210.94,13.75
2026-07-21 19:53:34,7745.33,2934.31,25208.09,12.739999999999782
2026-07-21 21:17:34,7725.32,2934.31,25152.07,-7.270000000000437
2026-07-21 22:28:59,7721.46,2934.31,25141.26,-11.13000000000011
2026-07-21 23:33:44,7719.44,2934.31,25135.6,-13.150000000000546
2026-07-22 01:09:15,7718.52,2934.31,25133.03,-14.069999999999707
2026-07-22 04:35:27,7731.41,2934.31,25169.12,-1.180000000000291
2026-07-22 07:24:29,7736.77,2934.31,25184.13,-7.75
2026-07-22 10:01:48,7739.4,2934.31,25191.49,-5.1200000000008
2026-07-22 12:04:29,7744.26,2934.31,25205.1,-0.2600000000002183
2026-07-22 14:24:32,7721.76,2934.31,25142.1,-22.76000000000022
2026-07-22 16:02:56,7717.82,2934.31,25131.08,-26.700000000000728
2026-07-22 17:42:33,7711.41,2934.31,25113.11,-33.11000000000058
2026-07-22 18:48:52,7713.36,2934.31,25118.57,-31.160000000000764
2026-07-22 20:15:28,7729.14,2934.31,25162.76,-15.38000000000011
2026-07-22 21:38:16,7729.82,2934.31,25164.67,-14.700000000000728
2026-07-22 22:43:04,7721.77,2934.31,25142.13,-22.75
2026-07-22 23:45:34,7723.89,2934.31,25148.06,-20.63000000000011
2026-07-23 03:29:07,7725.47,2934.31,25152.49,-19.050000000000185
2026-07-23 06:17:27,7722.87,2934.31,25145.21,-4.510000000000218
2026-07-23 09:10:11,7711.81,2934.31,25114.24,-15.569999999999707
2026-07-23 11:20:52,7709.84,2934.31,25108.73,-17.539999999999964
2026-07-23 13:04:40,7697.72,2934.31,25074.79,-29.65999999999985
2026-07-23 15:26:02,7673.63,2934.31,25007.32,-53.75
2026-07-23 16:59:49,7673.08,2934.31,25005.78,-54.30000000000018
2026-07-23 18:20:30,7668.37,2934.31,24992.61,-59.01000000000022
2026-07-23 19:56:19,7682.57,2934.31,25032.37,-44.8100000000004
2026-07-23 21:14:54,7677.31,2934.31,25017.64,-50.06999999999971
2026-07-23 22:27:05,7680.88,2934.31,25027.64,-46.5
2026-07-23 23:30:54,7680.33,2934.31,25026.09,-47.05000000000018
2026-07-24 01:11:40,7683.84,2934.31,25035.92,-43.53999999999997
2026-07-24 04:35:26,7680.56,2934.31,25026.74,-46.81999999999971
2026-07-24 07:19:42,7679.68,2934.31,25024.28,-5.279999999999745
2026-07-24 09:57:19,7698.27,2934.31,25076.33,13.3100000000004
2026-07-24 11:49:47,7697.15,2934.31,25073.19,12.1899999999996
2026-07-24 13:58:45,7732.57,2934.31,25172.37,47.60999999999967
2026-07-24 15:38:05,7787.57,5128.77,27959.72,102.60999999999969
2026-07-24 17:12:34,7791.57,5128.77,27970.92,106.60999999999969
2026-07-24 18:49:13,7788.93,5128.77,27963.53,103.97000000000024
2026-07-24 20:24:26,7797.25,5128.77,27986.82,112.28999999999996
2026-07-24 21:39:18,7799.65,5128.77,27993.54,114.6899999999996
2026-07-24 22:44:05,7796.77,5128.77,27985.48,111.8100000000004
2026-07-24 23:47:36,7797.25,5128.77,27986.82,112.28999999999996
2026-07-25 03:21:15,7792.93,5128.77,27974.73,107.97000000000024
2026-07-25 06:01:53,7792.93,5128.77,27974.73,107.97000000000024
2026-07-25 08:25:06,7792.93,5128.77,27974.73,0.0
2026-07-25 10:10:00,7792.93,5128.77,27974.73,0.0
2026-07-25 11:36:36,7792.93,5128.77,27974.73,0.0
2026-07-25 12:46:19,7792.93,5128.77,27974.73,0.0
2026-07-25 14:39:52,7792.93,5128.77,27974.73,0.0
2026-07-25 15:48:20,7792.93,5128.77,27974.73,0.0
2026-07-25 17:06:55,7792.93,5128.77,27974.73,0.0
2026-07-25 18:09:36,7792.93,5128.77,27974.73,0.0
2026-07-25 19:36:14,7792.93,5128.77,27974.73,0.0
2026-07-25 20:33:43,7792.93,5128.77,27974.73,0.0
2026-07-25 21:38:06,7792.93,5128.77,27974.73,0.0
2026-07-25 22:38:58,7792.93,5128.77,27974.73,0.0
2026-07-25 23:44:27,7792.93,5128.77,27974.73,0.0
2026-07-26 01:17:43,7792.93,5128.77,27974.73,0.0
2026-07-26 05:01:38,7792.93,5128.77,27974.73,0.0
2026-07-26 07:46:08,7792.93,5128.77,27974.73,0.0
2026-07-26 10:06:40,7792.93,5128.77,27974.73,0.0
2026-07-26 11:38:02,7792.93,5128.77,27974.73,0.0
2026-07-26 12:45:32,7792.93,5128.77,27974.73,0.0
2026-07-26 14:40:50,7792.93,5128.77,27974.73,0.0
2026-07-26 15:46:52,7792.93,5128.77,27974.73,0.0
2026-07-26 17:08:37,7792.93,5128.77,27974.73,0.0
2026-07-26 18:12:29,7792.93,5128.77,27974.73,0.0
2026-07-26 19:38:17,7792.93,5128.77,27974.73,0.0
2026-07-26 20:38:31,7792.93,5128.77,27974.73,0.0
2026-07-26 21:41:43,7792.93,5128.77,27974.73,0.0
2026-07-26 22:43:08,7792.93,5128.77,27974.73,0.0
2026-07-26 23:44:35,7792.93,5128.77,27974.73,0.0
2026-07-27 01:22:30,7815.89,5128.77,28039.02,22.96000000000004
2026-07-27 05:27:07,7801.97,5128.77,28000.04,9.039999999999964
2026-07-27 08:57:03,7799.81,5128.77,27993.99,6.880000000000109
2026-07-27 12:34:14,7802.93,5128.77,28002.73,10.0
2026-07-27 15:31:43,7838.13,5128.77,28101.29,45.19999999999982
2026-07-27 17:23:26,7818.53,5128.77,28046.41,25.59999999999945
2026-07-27 18:57:31,7815.93,5128.77,28039.13,23.0
2026-07-27 20:38:51,7824.29,5128.77,28062.54,31.35999999999968
2026-07-27 21:49:16,7820.93,5128.77,28053.13,28.0
2026-07-27 23:10:36,7823.25,5128.77,28059.62,30.31999999999971
2026-07-28 00:12:15,7823.97,5128.77,28061.64,31.039999999999964
2026-07-28 03:40:52,7835.01,5128.77,28092.55,42.07999999999993
2026-07-28 06:14:43,7828.77,5128.77,28075.08,4.720000000000255
2026-07-28 09:10:04,7835.97,5128.77,28095.24,11.920000000000073
2026-07-28 11:28:40,7838.37,5128.77,28101.96,14.319999999999707
2026-07-28 13:14:24,7844.53,5128.77,28119.21,20.479999999999563
2026-07-28 15:39:38,7844.13,5128.77,28118.09,20.079999999999927
2026-07-28 17:11:22,7843.57,5128.77,28116.52,19.519999999999527
2026-07-28 18:48:45,7837.81,5128.77,28100.39,13.760000000000218
2026-07-28 20:20:35,7851.01,5128.77,28137.35,26.96000000000004
2026-07-28 21:42:14,7847.97,5128.77,28128.83,23.92000000000008
2026-07-28 22:44:03,7843.57,5128.77,28116.52,19.519999999999527
2026-07-28 23:44:26,7854.53,5128.77,28147.21,30.479999999999563
2026-07-29 01:12:59,7853.49,5128.77,28144.3,29.4399999999996
2026-07-29 04:34:36,7877.65,5128.77,28211.94,53.599999999999454
2026-07-29 07:32:33,7859.25,5128.77,28160.42,9.840000000000146
2026-07-29 10:19:26,7846.77,5128.77,28125.48,-2.639999999999418
2026-07-29 12:31:23,7837.8,5128.77,28100.36,-11.609999999999673
2026-07-29 14:58:31,7852.05,5128.77,28140.26,2.6400000000003274
2026-07-29 16:36:17,7855.97,5128.77,28151.24,6.5600000000004
2026-07-29 17:57:34,7870.49,5128.77,28191.9,21.079999999999927
2026-07-29 19:36:49,7854.37,5128.77,28146.76,4.960000000000036
2026-07-29 20:38:00,7839.65,5128.77,28105.54,-9.760000000000218
2026-07-29 21:40:06,7843.17,5128.77,28115.4,-6.239999999999782
2026-07-29 22:41:34,7840.85,5128.77,28108.9,-8.55999999999949
2026-07-29 23:45:11,7846.45,5128.77,28124.58,-2.9600000000000364
2026-07-30 01:05:29,7847.65,5128.77,28127.94,-1.7600000000002185
2026-07-30 04:23:21,7839.09,5128.77,28103.98,-10.319999999999707
2026-07-30 07:15:28,7834.21,5128.77,28090.31,-15.199999999999818
2026-07-30 10:00:01,7835.41,5128.77,28093.67,-14.0
2026-07-30 12:00:03,7818.36,5128.77,28045.93,-31.050000000000185
2026-07-30 14:26:58,7782.37,5128.77,27945.16,-67.03999999999996
2026-07-30 16:08:54,7774.13,5128.77,27922.09,-75.27999999999975
2026-07-30 17:51:25,7791.73,5128.77,27971.37,-57.68000000000029
2026-07-30 19:42:21,7792.53,5128.77,27973.61,-56.88000000000011
2026-07-30 20:48:17,7692.37,5128.77,27693.16,-157.03999999999996
2026-07-30 22:12:22,7623.25,5128.77,27499.63,-226.15999999999983
2026-07-30 23:27:51,7647.65,5128.77,27567.94,-201.76000000000025
2026-07-31 01:07:59,7630.29,5128.77,27519.34,-219.1199999999999
2026-07-31 04:44:09,7632.37,5128.77,27525.16,-217.04
2026-07-31 07:38:50,7627.42,5128.77,27511.31,-168.78999999999996
2026-07-31 10:19:13,7603.89,5128.77,27445.42,-192.3199999999997
2026-07-31 12:29:22,7592.77,5128.77,27414.28,-203.4399999999996
2026-07-31 15:04:19,7548.85,5128.77,27291.3,-247.35999999999967
2026-07-31 16:58:33,7533.01,5128.77,27246.95,-263.1999999999998
2026-07-31 18:39:51,7544.89,5128.77,27280.22,-251.3199999999997
2026-07-31 20:09:58,7604.61,5128.77,27447.43,-191.6000000000004
2026-07-31 21:29:59,7580.02,5128.77,27378.59,-216.1899999999996
2026-07-31 22:37:54,7586.85,5128.77,27397.7,-209.35999999999967
2026-07-31 23:44:34,7590.37,5128.77,27407.56,-205.8400000000001
2026-08-01 01:19:27,7587.61,5128.77,27399.84,-208.6000000000004
2026-08-01 04:56:21,7600.05,5128.77,27434.66,-196.15999999999983
2026-08-01 07:32:54,7600.05,5128.77,27434.66,0.0
2026-08-01 09:44:49,7600.05,5128.77,27434.66,0.0
2026-08-01 11:06:45,7600.05,5128.77,27434.66,0.0
2026-08-01 12:14:08,7600.05,5128.77,27434.66,0.0
2026-08-01 14:00:45,7600.05,5128.77,27434.66,0.0
2026-08-01 15:28:36,7600.05,5128.77,27434.66,0.0
2026-08-01 16:32:01,7600.05,5128.77,27434.66,0.0
2026-08-01 17:44:36,7600.05,5128.77,27434.66,0.0
2026-08-01 18:44:23,7600.05,5128.77,27434.66,0.0
2026-08-01 20:00:25,7600.05,5128.77,27434.66,0.0
2026-08-01 21:06:09,7600.05,5128.77,27434.66,0.0
2026-08-01 22:12:38,7600.05,5128.77,27434.66,0.0
2026-08-01 23:14:15,7600.05,5128.77,27434.66,0.0
2026-08-02 00:16:07,7600.05,5128.77,27434.66,0.0
2026-08-02 04:05:20,7600.05,5128.77,27434.66,0.0
2026-08-02 06:46:46,7600.05,5128.77,27434.66,0.0
2026-08-02 09:13:20,7600.05,5128.77,27434.66,0.0
2026-08-02 10:52:41,7600.05,5128.77,27434.66,0.0
2026-08-02 12:07:58,7600.05,5128.77,27434.66,0.0
2026-08-02 13:58:15,7600.05,5128.77,27434.66,0.0
2026-08-02 15:11:13,7600.05,5128.77,27434.66,0.0
2026-08-02 16:15:06,7600.05,5128.77,27434.66,0.0
2026-08-02 17:28:10,7600.05,5128.77,27434.66,0.0
2026-08-02 18:34:14,7600.05,5128.77,27434.66,0.0
2026-08-02 19:57:27,7600.05,5128.77,27434.66,0.0
2026-08-02 21:04:40,7600.05,5128.77,27434.66,0.0
2026-08-02 22:11:57,7600.05,5128.77,27434.66,0.0
2026-08-02 23:14:51,7600.05,5128.77,27434.66,0.0
2026-08-03 00:16:42,7596.77,5128.77,27425.48,-3.2799999999997453
2026-08-03 04:08:06,7598.37,5128.77,27429.96,-1.680000000000291
2026-08-03 07:48:45,7599.65,5128.77,27433.54,-0.4000000000005457
2026-08-03 11:33:56,7617.25,5128.77,27482.82,17.199999999999818
2026-08-03 14:03:05,7566.01,5128.77,27339.35,-34.039999999999964
2026-08-03 16:41:47,7563.53,7563.53,30254.12,-36.52000000000044
2026-08-03 18:28:30,7563.53,7563.53,30254.12,-36.52000000000044
2026-08-03 20:15:47,7563.53,7563.53,30254.12,-36.52000000000044
2026-08-03 21:42:43,7563.53,7563.53,30254.12,-36.52000000000044
2026-08-03 22:43:10,7563.53,7563.53,30254.12,-36.52000000000044
2026-08-03 23:52:24,7563.53,7563.53,30254.12,-36.52000000000044
2026-08-04 03:18:35,7563.53,7563.53,30254.12,-36.52000000000044
2026-08-04 06:11:48,7563.53,7563.53,30254.12,0.0
2026-08-04 09:11:44,7563.53,7563.53,30254.12,0.0
2026-08-04 11:34:59,7563.53,7563.53,30254.12,0.0
2026-08-04 13:25:31,7563.53,7563.53,30254.12,0.0
2026-08-04 15:57:44,7563.53,7563.53,30254.12,0.0
2026-08-04 17:58:54,7563.53,7563.53,30254.12,0.0
2026-08-04 19:49:55,7563.53,7563.53,30254.12,0.0
2026-08-04 21:18:26,7563.53,7563.53,30254.12,0.0
2026-08-04 22:37:41,7563.53,7563.53,30254.12,0.0
2026-08-04 23:44:26,7563.53,7563.53,30254.12,0.0
2026-08-05 01:09:33,7563.53,7563.53,30254.12,0.0
2026-08-05 04:31:32,7563.53,7563.53,30254.12,0.0
2026-08-05 07:26:18,7563.53,7563.53,30254.12,0.0
2026-08-05 10:10:30,7563.53,7563.53,30254.12,0.0
2026-08-05 12:18:24,7563.53,7563.53,30254.12,0.0
2026-08-05 14:57:19,7563.53,7563.53,30254.12,0.0
2026-08-05 16:47:51,7563.53,7563.53,30254.12,0.0
2026-08-05 18:26:27,7563.53,7563.53,30254.12,0.0
2026-08-05 20:11:08,7563.53,7563.53,30254.12,0.0
2026-08-05 21:35:26,7563.53,7563.53,30254.12,0.0
2026-08-05 22:43:44,7563.53,7563.53,30254.12,0.0
2026-08-05 23:41:50,7563.53,7563.53,30254.12,0.0
2026-08-06 01:07:33,7563.53,7563.53,30254.12,0.0
2026-08-06 04:32:04,7563.53,7563.53,30254.12,0.0
2026-08-06 07:27:16,7563.53,7563.53,30254.12,0.0
2026-08-06 10:13:03,7563.53,7563.53,30254.12,0.0
2026-08-06 12:21:37,7563.53,7563.53,30254.12,0.0
2026-08-06 14:55:40,7563.53,7563.53,30254.12,0.0
2026-08-07 00:32:08,7563.53,7563.53,30254.12,0.0
2026-08-07 03:39:57,7563.53,7563.53,30254.12,0.0
2026-08-07 05:24:54,7563.53,7563.53,30254.12,0.0
2026-08-07 06:49:29,7563.53,7563.53,30254.12,0.0
2026-08-07 08:18:12,7563.53,7563.53,30254.12,0.0
2026-08-07 09:34:29,7563.53,7563.53,30254.12,0.0
2026-08-07 10:35:50,7563.53,7563.53,30254.12,0.0
2026-08-07 11:33:03,7563.53,7563.53,30254.12,0.0
2026-08-07 12:29:24,7563.53,7563.53,30254.12,0.0
2026-08-07 13:53:58,7563.53,7563.53,30254.12,0.0
2026-08-07 14:59:08,7562.42,5790.72,28123.64,-1.1099999999996726
2026-08-07 16:03:36,7568.09,5790.72,28139.52,4.5600000000004
2026-08-07 17:09:45,7565.08,5790.72,28131.09,1.550000000000182
2026-08-07 18:04:03,7564.03,5790.72,28128.15,0.5
2026-08-07 19:17:21,7567.81,5790.72,28138.73,4.280000000000655
2026-08-07 20:07:38,7569.07,5790.72,28142.26,5.539999999999964
2026-08-07 21:00:35,7569.07,5790.72,28142.26,5.539999999999964
2026-08-07 21:56:50,7569.07,5790.72,28142.26,5.539999999999964
2026-08-07 22:47:24,7569.07,5790.72,28142.26,5.539999999999964
2026-08-07 23:38:36,7569.07,5790.72,28142.26,5.539999999999964
2026-08-08 00:32:08,7569.07,5790.72,28142.26,5.539999999999964
2026-08-08 02:44:28,7569.07,5790.72,28142.26,5.539999999999964
2026-08-08 03:58:51,7569.07,5790.72,28142.26,5.539999999999964
2026-08-08 05:06:34,7569.07,5790.72,28142.26,5.539999999999964
2026-08-08 05:58:00,7569.07,5790.72,28142.26,5.539999999999964
2026-08-08 07:06:41,7569.07,5790.72,28142.26,0.0
2026-08-08 08:01:05,7569.07,5790.72,28142.26,0.0
2026-08-08 09:02:32,7569.07,5790.72,28142.26,0.0
2026-08-08 09:55:58,7569.07,5790.72,28142.26,0.0
2026-08-08 10:40:45,7569.07,5790.72,28142.26,0.0
2026-08-08 11:12:27,7569.07,5790.72,28142.26,0.0
2026-08-08 11:47:06,7569.07,5790.72,28142.26,0.0
2026-08-08 13:00:42,7569.07,5790.72,28142.26,0.0
2026-08-08 13:58:12,7569.07,5790.72,28142.26,0.0
2026-08-08 14:40:47,7569.07,5790.72,28142.26,0.0
2026-08-08 15:11:32,7569.07,5790.72,28142.26,0.0
2026-08-08 15:48:47,7569.07,5790.72,28142.26,0.0
2026-08-08 16:41:01,7569.07,5790.72,28142.26,0.0
2026-08-08 17:14:04,7569.07,5790.72,28142.26,0.0
2026-08-08 17:51:05,7569.07,5790.72,28142.26,0.0
2026-08-08 18:46:52,7569.07,5790.72,28142.26,0.0
2026-08-08 19:35:09,7569.07,5790.72,28142.26,0.0
2026-08-08 20:03:59,7569.07,5790.72,28142.26,0.0
2026-08-08 20:49:42,7569.07,5790.72,28142.26,0.0
2026-08-08 21:35:56,7569.07,5790.72,28142.26,0.0
2026-08-08 22:03:56,7569.07,5790.72,28142.26,0.0
2026-08-08 22:48:25,7569.07,5790.72,28142.26,0.0
2026-08-08 23:34:31,7569.07,5790.72,28142.26,0.0
2026-08-09 00:04:31,7569.07,5790.72,28142.26,0.0
2026-08-09 02:30:37,7569.07,5790.72,28142.26,0.0
2026-08-09 04:04:31,7569.07,5790.72,28142.26,0.0
2026-08-09 05:19:35,7569.07,5790.72,28142.26,0.0
2026-08-09 06:10:09,7569.07,5790.72,28142.26,0.0
2026-08-09 07:18:16,7569.07,5790.72,28142.26,0.0
2026-08-09 08:09:30,7569.07,5790.72,28142.26,0.0
2026-08-09 09:04:22,7569.07,5790.72,28142.26,0.0
2026-08-09 09:58:35,7569.07,5790.72,28142.26,0.0
2026-08-09 10:45:57,7569.07,5790.72,28142.26,0.0
2026-08-09 11:35:05,7569.07,5790.72,28142.26,0.0
2026-08-09 12:05:05,7569.07,5790.72,28142.26,0.0
2026-08-09 13:16:58,7569.07,5790.72,28142.26,0.0
2026-08-09 14:08:33,7569.07,5790.72,28142.26,0.0
2026-08-09 14:54:09,7569.07,5790.72,28142.26,0.0
2026-08-09 15:37:39,7569.07,5790.72,28142.26,0.0
2026-08-09 16:12:54,7569.07,5790.72,28142.26,0.0
2026-08-09 16:58:37,7569.07,5790.72,28142.26,0.0
2026-08-09 17:40:21,7569.07,5790.72,28142.26,0.0
2026-08-09 18:14:43,7569.07,5790.72,28142.26,0.0
2026-08-09 19:06:41,7569.07,5790.72,28142.26,0.0
2026-08-09 19:49:35,7569.07,5790.72,28142.26,0.0
2026-08-09 20:39:59,7569.07,5790.72,28142.26,0.0
2026-08-09 21:14:30,7569.07,5790.72,28142.26,0.0
2026-08-09 21:52:45,7569.07,5790.72,28142.26,0.0
2026-08-09 22:37:16,7569.07,5790.72,28142.26,0.0
2026-08-09 23:12:35,7569.07,5790.72,28142.26,0.0
2026-08-09 23:50:12,7569.07,5790.72,28142.26,0.0
2026-08-10 02:18:05,7569.07,5790.72,28142.26,0.0
2026-08-10 04:14:35,7569.07,5790.72,28142.26,0.0
2026-08-10 05:48:44,7569.07,5790.72,28142.26,0.0
2026-08-10 07:52:42,7569.07,5790.72,28142.26,0.0
2026-08-10 09:39:44,7569.07,5790.72,28142.26,0.0
2026-08-10 10:48:16,7569.07,5790.72,28142.26,0.0
2026-08-10 11:52:57,7569.07,5790.72,28142.26,0.0
2026-08-10 13:22:39,7569.07,5790.72,28142.26,0.0
2026-08-10 14:38:16,7571.65,5790.72,28149.48,2.5799999999999272
2026-08-10 15:40:29,7557.87,4700.45,26802.56,-11.199999999999818
2026-08-10 16:34:51,7556.56,4700.45,26798.89,-12.509999999999309
2026-08-10 17:38:11,7559.05,4700.45,26805.88,-10.019999999999529
2026-08-10 18:35:36,7556.88,4700.45,26799.8,-12.1899999999996
2026-08-10 19:43:17,7558.12,4700.45,26803.27,-10.949999999999818
2026-08-10 20:25:34,7551.43,4700.45,26784.54,-17.639999999999418
2026-08-10 21:20:56,7553.29,4700.45,26789.74,-15.779999999999744
2026-08-10 22:08:39,7553.38,4700.45,26789.99,-15.6899999999996
2026-08-10 22:57:42,7552.51,4700.45,26787.57,-16.55999999999949
2026-08-10 23:44:12,7550.26,4700.45,26781.27,-18.80999999999949
2026-08-11 00:37:12,7551.07,4700.45,26783.54,-18.0
2026-08-11 02:54:20,7552.87,4700.45,26788.58,-16.199999999999818
2026-08-11 04:24:49,7553.5,4700.45,26790.34,-15.569999999999707
2026-08-11 05:36:39,7553.5,4700.45,26790.34,-15.569999999999707
2026-08-11 06:37:51,7554.13,4700.45,26792.1,4.770000000000437
2026-08-11 07:57:43,7554.13,4700.45,26792.1,4.770000000000437
2026-08-11 09:09:28,7559.55,4700.45,26807.28,10.19000000000051
2026-08-11 10:13:00,7556.22,4700.45,26797.96,6.860000000000582
2026-08-11 11:07:54,7561.08,4700.45,26811.56,11.720000000000256
2026-08-11 11:58:56,7560.0,4700.45,26808.54,10.640000000000327
2026-08-11 13:25:34,7559.55,4700.45,26807.28,10.19000000000051
2026-08-11 14:37:51,7555.76,4700.45,26796.67,6.400000000000546
2026-08-11 15:41:49,7545.96,4700.45,26769.22,-3.399999999999636
2026-08-11 16:39:18,7544.99,4700.45,26766.51,-4.369999999999891
2026-08-11 17:43:20,7541.82,4700.45,26757.64,-7.539999999999964
2026-08-11 18:39:36,7530.82,4700.45,26726.83,-18.539999999999964
2026-08-11 19:47:58,7537.65,4700.45,26745.95,-11.710000000000036
2026-08-11 20:53:58,7539.84,4700.45,26752.09,-9.519999999999529
2026-08-11 21:55:30,7539.12,4700.45,26750.08,-10.239999999999782
2026-08-11 22:51:29,7539.12,4700.45,26750.08,-10.239999999999782
2026-08-11 23:49:26,7538.67,4700.45,26748.82,-10.6899999999996
2026-08-12 02:26:58,7540.2,4700.45,26753.1,-9.159999999999854
2026-08-12 04:24:07,7540.38,4700.45,26753.6,-8.979999999999563
2026-08-12 05:59:00,7542.45,4700.45,26759.4,-6.909999999999855
2026-08-12 07:45:33,7540.74,4700.45,26754.61,1.6199999999998909
2026-08-12 09:17:26,7545.69,4700.45,26768.47,6.569999999999709
2026-08-12 10:36:23,7546.59,4700.45,26770.99,7.470000000000255
2026-08-12 11:32:20,7545.96,4700.45,26769.23,6.8400000000001455
2026-08-12 12:34:04,7553.26,4700.45,26789.67,14.140000000000327
2026-08-12 14:07:12,7570.13,4700.45,26836.9,31.01000000000022
2026-08-12 15:15:55,7568.67,4700.45,26832.8,29.550000000000185
2026-08-12 16:27:17,7569.62,4700.45,26835.48,30.5
2026-08-12 17:32:50,7572.33,4700.45,26843.05,33.21000000000004
2026-08-12 18:38:07,7570.73,4700.45,26838.59,31.60999999999968
2026-08-12 19:49:09,7565.11,4700.45,26822.83,25.98999999999978
2026-08-12 20:52:54,7565.42,4700.45,26823.72,26.300000000000185
2026-08-12 21:53:03,7565.06,4700.45,26822.71,25.94000000000051
2026-08-12 22:49:28,7564.16,4700.45,26820.19,25.039999999999964
2026-08-12 23:49:01,7563.71,4700.45,26818.93,24.590000000000146
2026-08-13 02:28:06,7566.14,4700.45,26825.73,27.02000000000044
2026-08-13 04:27:34,7568.75,4700.45,26833.04,29.63000000000011
2026-08-13 06:00:53,7569.02,4700.45,26833.8,2.610000000000582
2026-08-13 07:55:23,7568.66,4700.45,26832.79,2.25
2026-08-13 09:18:30,7567.85,4700.45,26830.53,1.440000000000509
2026-08-13 10:38:25,7567.83,4700.45,26830.47,1.4200000000000728
2026-08-13 11:32:17,7568.66,4700.45,26832.8,2.25
2026-08-13 12:34:24,7566.14,4700.45,26825.73,-0.269999999999527
2026-08-13 14:09:01,7603.86,4700.45,26931.35,37.44999999999982
2026-08-13 15:16:42,7604.72,4700.45,26933.76,38.3100000000004
2026-08-13 16:26:47,7601.99,4700.45,26926.11,35.57999999999993
2026-08-13 17:32:23,7606.42,4700.45,26938.52,40.01000000000022
2026-08-13 18:38:57,7607.76,4700.45,26942.27,41.35000000000037
2026-08-13 19:45:49,7605.0,4700.45,26934.54,38.59000000000015
2026-08-13 20:50:52,7604.39,4700.45,26932.83,37.98000000000047
2026-08-13 21:53:08,7609.27,4700.45,26946.49,42.86000000000058
2026-08-13 22:50:46,7599.22,4700.45,26918.35,32.8100000000004
2026-08-13 23:49:39,7599.04,4700.45,26917.85,32.63000000000011
2026-08-14 02:27:04,7601.87,4700.45,26925.78,35.46000000000004
2026-08-14 04:24:05,7602.32,4700.45,26927.04,35.909999999999854
2026-08-14 05:58:38,7602.59,4700.45,26927.79,36.18000000000029
2026-08-14 07:44:50,7603.31,4700.45,26929.81,-0.1799999999993815
2026-08-14 08:51:06,7605.25,4700.45,26935.24,1.7600000000002185
2026-08-14 10:10:36,7605.2,4700.45,26935.1,1.7100000000000364
2026-08-14 11:09:27,7606.19,4700.45,26937.86,2.699999999999818
2026-08-14 11:58:43,7605.2,4700.45,26935.1,1.7100000000000364
2026-08-14 13:26:40,7610.87,4700.45,26950.98,7.380000000000109
2026-08-14 14:32:38,7594.59,4700.45,26905.39,-8.899999999999636
2026-08-14 15:35:20,7586.52,4700.45,26882.8,-16.969999999999345
2026-08-14 16:34:52,7588.63,4700.45,26888.7,-14.859999999999673
2026-08-14 17:40:05,7585.25,4700.45,26879.24,-18.23999999999978
2026-08-14 18:35:04,7584.99,4700.45,26878.51,-18.5
2026-08-14 19:38:45,7587.87,4700.45,26886.56,-15.61999999999989
2026-08-14 20:16:26,7591.64,4700.45,26897.12,-11.849999999999454
2026-08-14 20:57:56,7591.63,4700.45,26897.1,-11.859999999999673
2026-08-14 21:34:15,7592.58,4700.45,26899.77,-10.909999999999854
2026-08-14 22:00:13,7592.65,4700.45,26899.95,-10.840000000000146
2026-08-14 22:34:20,7591.99,4700.45,26898.11,-11.5
2026-08-14 23:01:26,7592.35,4700.45,26899.12,-11.139999999999418
2026-08-14 23:39:33,7592.71,4700.45,26900.12,-10.779999999999744
2026-08-15 00:01:37,7591.99,4700.45,26898.11,-11.5
2026-08-15 01:51:13,7591.99,4700.45,26898.11,-11.5
2026-08-15 02:56:53,7591.99,4700.45,26898.11,-11.5
2026-08-15 03:47:17,7591.99,4700.45,26898.11,-11.5
2026-08-15 04:37:27,7591.99,4700.45,26898.11,-11.5
2026-08-15 05:04:04,7591.99,4700.45,26898.11,-11.5
2026-08-15 05:43:04,7591.99,4700.45,26898.11,-11.5
2026-08-15 06:02:31,7591.99,4700.45,26898.11,0.0
2026-08-15 06:59:15,7591.99,4700.45,26898.11,0.0
2026-08-15 07:37:50,7591.99,4700.45,26898.11,0.0
2026-08-15 08:00:49,7591.99,4700.45,26898.11,0.0
2026-08-15 08:47:02,7591.99,4700.45,26898.11,0.0
2026-08-15 09:31:31,7591.99,4700.45,26898.11,0.0
2026-08-15 10:00:13,7591.99,4700.45,26898.11,0.0
2026-08-15 10:34:02,7591.99,4700.45,26898.11,0.0
2026-08-15 11:00:23,7591.99,4700.45,26898.11,0.0
2026-08-15 11:30:29,7591.99,4700.45,26898.11,0.0
2026-08-15 11:51:30,7591.99,4700.45,26898.11,0.0
2026-08-15 12:49:08,7591.99,4700.45,26898.11,0.0
2026-08-15 13:34:58,7591.99,4700.45,26898.11,0.0
2026-08-15 14:00:15,7591.99,4700.45,26898.11,0.0
2026-08-15 14:33:28,7591.99,4700.45,26898.11,0.0
2026-08-15 15:00:36,7591.99,4700.45,26898.11,0.0
2026-08-15 15:36:15,7591.99,4700.45,26898.11,0.0
2026-08-15 15:58:28,7591.99,4700.45,26898.11,0.0
2026-08-15 16:35:22,7591.99,4700.45,26898.11,0.0
2026-08-15 17:01:49,7591.99,4700.45,26898.11,0.0
2026-08-15 17:36:57,7591.99,4700.45,26898.11,0.0
2026-08-15 17:58:37,7591.99,4700.45,26898.11,0.0
2026-08-15 18:41:27,7591.99,4700.45,26898.11,0.0
2026-08-15 19:05:52,7591.99,4700.45,26898.11,0.0
2026-08-15 19:36:25,7591.99,4700.45,26898.11,0.0
2026-08-15 19:58:13,7591.99,4700.45,26898.11,0.0
2026-08-15 20:32:44,7591.99,4700.45,26898.11,0.0
2026-08-15 21:00:38,7591.99,4700.45,26898.11,0.0
2026-08-15 21:36:49,7591.99,4700.45,26898.11,0.0
2026-08-15 21:58:19,7591.99,4700.45,26898.11,0.0
2026-08-15 22:32:28,7591.99,4700.45,26898.11,0.0
2026-08-15 22:59:51,7591.99,4700.45,26898.11,0.0
2026-08-15 23:29:31,7591.99,4700.45,26898.11,0.0
2026-08-15 23:51:06,7591.99,4700.45,26898.11,0.0
2026-08-16 01:44:38,7591.99,4700.45,26898.11,0.0
2026-08-16 02:47:34,7591.99,4700.45,26898.11,0.0
2026-08-16 03:52:49,7591.99,4700.45,26898.11,0.0
2026-08-16 04:41:21,7591.99,4700.45,26898.11,0.0
2026-08-16 05:12:47,7591.99,4700.45,26898.11,0.0
2026-08-16 05:46:58,7591.99,4700.45,26898.11,0.0
2026-08-16 06:50:06,7591.99,4700.45,26898.11,0.0
2026-08-16 07:36:18,7591.99,4700.45,26898.11,0.0
2026-08-16 08:02:02,7591.99,4700.45,26898.11,0.0
2026-08-16 08:48:28,7591.99,4700.45,26898.11,0.0
2026-08-16 09:32:47,7591.99,4700.45,26898.11,0.0
2026-08-16 10:01:03,7591.99,4700.45,26898.11,0.0
2026-08-16 10:42:07,7591.99,4700.45,26898.11,0.0
2026-08-16 11:01:27,7591.99,4700.45,26898.11,0.0
2026-08-16 11:35:36,7591.99,4700.45,26898.11,0.0
2026-08-16 11:58:56,7591.99,4700.45,26898.11,0.0
2026-08-16 12:55:58,7591.99,4700.45,26898.11,0.0
2026-08-16 13:37:04,7591.99,4700.45,26898.11,0.0
2026-08-16 14:01:04,7591.99,4700.45,26898.11,0.0
2026-08-16 14:41:21,7591.99,4700.45,26898.11,0.0
2026-08-16 15:01:34,7591.99,4700.45,26898.11,0.0
2026-08-16 15:37:59,7591.99,4700.45,26898.11,0.0
2026-08-16 15:58:59,7591.99,4700.45,26898.11,0.0
2026-08-16 16:36:18,7591.99,4700.45,26898.11,0.0
2026-08-16 17:02:07,7591.99,4700.45,26898.11,0.0
2026-08-16 17:35:28,7591.99,4700.45,26898.11,0.0
2026-08-16 17:57:29,7591.99,4700.45,26898.11,0.0
2026-08-16 18:40:24,7591.99,4700.45,26898.11,0.0
2026-08-16 19:04:19,7591.99,4700.45,26898.11,0.0
2026-08-16 19:35:46,7591.99,4700.45,26898.11,0.0
2026-08-16 19:57:00,7591.99,4700.45,26898.11,0.0
2026-08-16 20:31:50,7591.99,4700.45,26898.11,0.0
2026-08-16 20:59:39,7591.99,4700.45,26898.11,0.0
2026-08-16 21:29:42,7591.99,4700.45,26898.11,0.0
2026-08-16 21:50:55,7591.99,4700.45,26898.11,0.0
2026-08-16 22:27:51,7591.99,4700.45,26898.11,0.0
2026-08-16 22:51:09,7591.99,4700.45,26898.11,0.0
2026-08-16 23:25:52,7591.99,4700.45,26898.11,0.0
2026-08-16 23:47:45,7591.99,4700.45,26898.11,0.0
2026-08-17 01:42:30,7595.95,4700.45,26909.2,3.960000000000037
2026-08-17 02:47:20,7592.89,4700.45,26900.63,0.9000000000005457
2026-08-17 03:54:42,7595.77,4700.45,26908.7,3.780000000000655
2026-08-17 04:50:23,7594.51,4700.45,26905.17,2.520000000000437
2026-08-17 05:39:46,7594.51,4700.45,26905.17,2.520000000000437
2026-08-17 06:20:46,7596.58,4700.45,26910.96,4.5900000000001455
2026-08-17 07:33:56,7598.47,4700.45,26916.26,6.480000000000473
2026-08-17 08:25:20,7598.11,4700.45,26915.25,6.119999999999891
2026-08-17 09:10:54,7598.11,4700.45,26915.25,6.119999999999891
2026-08-17 09:59:21,7596.94,4700.45,26911.97,4.949999999999818
2026-08-17 10:42:53,7606.35,4700.45,26938.32,14.360000000000582
2026-08-17 11:10:18,7607.07,4700.45,26940.34,15.079999999999927
2026-08-17 11:42:44,7605.99,4700.45,26937.31,14.0
2026-08-17 12:02:23,7606.53,4700.45,26938.82,14.539999999999964
2026-08-17 13:07:36,7602.7,4700.45,26928.1,10.710000000000036
2026-08-17 13:54:22,7600.75,7600.75,30403.0,8.760000000000218
2026-08-17 14:34:13,7600.75,7600.75,30403.0,8.760000000000218
2026-08-17 15:03:45,7600.75,7600.75,30403.0,8.760000000000218
2026-08-17 15:42:34,7600.75,7600.75,30403.0,8.760000000000218
2026-08-17 16:01:51,7600.75,7600.75,30403.0,8.760000000000218
2026-08-17 16:47:21,7600.75,7600.75,30403.0,8.760000000000218
2026-08-17 17:32:31,7600.75,7600.75,30403.0,8.760000000000218
2026-08-17 18:06:19,7600.75,7600.75,30403.0,8.760000000000218
2026-08-17 18:59:24,7600.75,7600.75,30403.0,8.760000000000218
2026-08-17 19:35:44,7600.75,7600.75,30403.0,8.760000000000218
2026-08-17 20:01:42,7600.75,7600.75,30403.0,8.760000000000218
2026-08-17 20:45:45,7600.75,7600.75,30403.0,8.760000000000218
2026-08-17 21:30:56,7600.75,7600.75,30403.0,8.760000000000218
2026-08-17 22:01:10,7600.75,7600.75,30403.0,8.760000000000218
2026-08-17 22:43:01,7600.75,7600.75,30403.0,8.760000000000218
2026-08-17 23:02:24,7600.75,7600.75,30403.0,8.760000000000218
2026-08-17 23:39:39,7600.75,7600.75,30403.0,8.760000000000218
2026-08-18 00:00:30,7600.75,7600.75,30403.0,8.760000000000218
2026-08-18 01:51:53,7600.75,7600.75,30403.0,8.760000000000218
2026-08-18 03:01:11,7600.75,7600.75,30403.0,8.760000000000218
2026-08-18 03:59:35,7600.75,7600.75,30403.0,8.760000000000218
2026-08-18 04:46:06,7600.75,7600.75,30403.0,8.760000000000218
2026-08-18 05:34:54,7600.75,7600.75,30403.0,8.760000000000218
2026-08-18 06:03:25,7600.75,7600.75,30403.0,0.0
2026-08-18 07:05:43,7600.75,7600.75,30403.0,0.0
2026-08-18 07:55:30,7600.75,7600.75,30403.0,0.0
2026-08-18 08:44:20,7600.75,7600.75,30403.0,0.0
2026-08-18 09:16:41,7600.75,7600.75,30403.0,0.0
2026-08-18 09:59:24,7600.75,7600.75,30403.0,0.0
2026-08-18 10:39:49,7600.75,7600.75,30403.0,0.0
2026-08-18 11:04:40,7600.75,7600.75,30403.0,0.0
2026-08-18 11:42:59,7600.75,7600.75,30403.0,0.0
2026-08-18 12:14:09,7600.75,7600.75,30403.0,0.0
2026-08-18 13:12:32,7600.75,7600.75,30403.0,0.0
2026-08-18 13:59:45,7600.75,7600.75,30403.0,0.0
2026-08-18 14:45:36,7600.75,7600.75,30403.0,0.0
2026-08-18 15:37:24,7600.75,7600.75,30403.0,0.0
2026-08-18 16:03:59,7600.75,7600.75,30403.0,0.0
2026-08-18 16:50:05,7600.75,7600.75,30403.0,0.0
2026-08-18 17:32:35,7600.75,7600.75,30403.0,0.0
2026-08-18 18:03:47,7600.75,7600.75,30403.0,0.0
2026-08-18 18:57:52,7600.75,7600.75,30403.0,0.0
2026-08-18 19:33:58,7600.75,7600.75,30403.0,0.0
2026-08-18 19:59:19,7600.75,7600.75,30403.0,0.0
2026-08-18 20:34:14,7600.75,7600.75,30403.0,0.0
2026-08-18 21:02:07,7600.75,7600.75,30403.0,0.0
2026-08-18 21:40:37,7600.75,7600.75,30403.0,0.0
2026-08-18 21:59:33,7600.75,7600.75,30403.0,0.0
2026-08-18 22:35:14,7600.75,7600.75,30403.0,0.0
2026-08-18 23:02:09,7600.75,7600.75,30403.0,0.0
2026-08-18 23:39:05,7600.75,7600.75,30403.0,0.0
2026-08-18 23:59:44,7600.75,7600.75,30403.0,0.0
2026-08-19 01:48:15,7600.75,7600.75,30403.0,0.0
